class	6000.0.51f1	21	Material
0	Material	Base	32768
1	string	m_Name	557057
2	Array	Array	540673
3	int	size	524289
3	char	data	524289
1	PPtr<Shader>	m_Shader	0
2	int	m_FileID	8388609
2	SInt64	m_PathID	8388609
1	vector	m_ValidKeywords	32768
2	Array	Array	49152
3	int	size	0
3	string	data	32768
4	Array	Array	16385
5	int	size	1
5	char	data	1
1	vector	m_InvalidKeywords	32768
2	Array	Array	49152
3	int	size	0
3	string	data	32768
4	Array	Array	16385
5	int	size	1
5	char	data	1
1	unsigned int	m_LightmapFlags	0
1	bool	m_EnableInstancingVariants	0
1	bool	m_DoubleSidedGI	16384
1	int	m_CustomRenderQueue	0
1	map	stringTagMap	32768
2	Array	Array	32768
3	int	size	0
3	pair	data	32768
4	string	first	32768
5	Array	Array	16385
6	int	size	1
6	char	data	1
4	string	second	32768
5	Array	Array	16385
6	int	size	1
6	char	data	1
1	vector	disabledShaderPasses	32768
2	Array	Array	49152
3	int	size	0
3	string	data	32768
4	Array	Array	16385
5	int	size	1
5	char	data	1
1	UnityPropertySheet	m_SavedProperties	32768
2	map	m_TexEnvs	32768
3	Array	Array	32768
4	int	size	0
4	pair	data	32768
5	string	first	32768
6	Array	Array	16385
7	int	size	1
7	char	data	1
5	UnityTexEnv	second	0
6	PPtr<Texture>	m_Texture	0
7	int	m_FileID	8388609
7	SInt64	m_PathID	8388609
6	Vector2f	m_Scale	2097152
7	float	x	2097152
7	float	y	2097152
6	Vector2f	m_Offset	2097152
7	float	x	2097152
7	float	y	2097152
2	map	m_Ints	32768
3	Array	Array	32768
4	int	size	0
4	pair	data	32768
5	string	first	32768
6	Array	Array	16385
7	int	size	1
7	char	data	1
5	int	second	0
2	map	m_Floats	32768
3	Array	Array	32768
4	int	size	0
4	pair	data	32768
5	string	first	32768
6	Array	Array	16385
7	int	size	1
7	char	data	1
5	float	second	0
2	map	m_Colors	32768
3	Array	Array	32768
4	int	size	0
4	pair	data	32768
5	string	first	32768
6	Array	Array	16385
7	int	size	1
7	char	data	1
5	ColorRGBA	second	2097152
6	float	r	2097153
6	float	g	2097153
6	float	b	2097153
6	float	a	2097153
1	vector	m_BuildTextureStacks	32768
2	Array	Array	49152
3	int	size	0
3	BuildTextureStackReference	data	32768
4	string	groupName	32768
5	Array	Array	16385
6	int	size	1
6	char	data	1
4	string	itemName	32768
5	Array	Array	16385
6	int	size	1
6	char	data	1
class	6000.0.51f1	28	Texture2D
0	Texture2D	Base	32768
1	string	m_Name	557057
2	Array	Array	540673
3	int	size	524289
3	char	data	524289
1	bool	m_IsAlphaChannelOptional	16384
1	int	m_Width	16
1	int	m_Height	16
1	unsigned int	m_CompleteImageSize	16
1	int	m_MipsStripped	16
1	int	m_TextureFormat	1
1	int	m_MipCount	16
1	bool	m_IsReadable	0
1	bool	m_IsPreProcessed	1
1	bool	m_IgnoreMipmapLimit	16384
1	string	m_MipmapLimitGroupName	32768
2	Array	Array	16385
3	int	size	1
3	char	data	1
1	bool	m_StreamingMipmaps	16384
1	int	m_StreamingMipmapsPriority	16384
1	int	m_ImageCount	16
1	int	m_TextureDimension	1
1	GLTextureSettings	m_TextureSettings	0
2	int	m_FilterMode	0
2	int	m_Aniso	0
2	float	m_MipBias	0
2	int	m_WrapU	0
2	int	m_WrapV	0
2	int	m_WrapW	0
1	int	m_LightmapFormat	0
1	int	m_ColorSpace	0
1	vector	m_PlatformBlob	32768
2	Array	Array	16384
3	int	size	0
3	UInt8	data	0
1	TypelessData	image data	16385
2	int	size	1
2	UInt8	data	1
1	StreamingInfo	m_StreamData	32768
2	UInt64	offset	0
2	unsigned int	size	0
2	string	path	32768
3	Array	Array	16385
4	int	size	1
4	char	data	1
class	6000.0.51f1	43	Mesh
0	Mesh	Base	32768
1	string	m_Name	557057
2	Array	Array	540673
3	int	size	524289
3	char	data	524289
1	vector	m_SubMeshes	32769
2	Array	Array	16385
3	int	size	1
3	SubMesh	data	1
4	unsigned int	firstByte	1
4	unsigned int	indexCount	1
4	int	topology	1
4	unsigned int	baseVertex	1
4	unsigned int	firstVertex	1
4	unsigned int	vertexCount	1
4	AABB	localAABB	1
5	Vector3f	m_Center	2097153
6	float	x	2097153
6	float	y	2097153
6	float	z	2097153
5	Vector3f	m_Extent	2097153
6	float	x	2097153
6	float	y	2097153
6	float	z	2097153
1	BlendShapeData	m_Shapes	32769
2	vector	vertices	32769
3	Array	Array	16385
4	int	size	1
4	BlendShapeVertex	data	1
5	Vector3f	vertex	2097153
6	float	x	2097153
6	float	y	2097153
6	float	z	2097153
5	Vector3f	normal	2097153
6	float	x	2097153
6	float	y	2097153
6	float	z	2097153
5	Vector3f	tangent	2097153
6	float	x	2097153
6	float	y	2097153
6	float	z	2097153
5	unsigned int	index	1
2	vector	shapes	32769
3	Array	Array	49153
4	int	size	1
4	MeshBlendShape	data	32769
5	unsigned int	firstVertex	1
5	unsigned int	vertexCount	1
5	bool	hasNormals	1
5	bool	hasTangents	16385
2	vector	channels	32769
3	Array	Array	49153
4	int	size	1
4	MeshBlendShapeChannel	data	32769
5	string	name	32769
6	Array	Array	16385
7	int	size	1
7	char	data	1
5	unsigned int	nameHash	1
5	int	frameIndex	1
5	int	frameCount	1
2	vector	fullWeights	32769
3	Array	Array	16385
4	int	size	1
4	float	data	1
1	vector	m_BindPose	32769
2	Array	Array	16385
3	int	size	1
3	Matrix4x4f	data	1
4	float	e00	1
4	float	e01	1
4	float	e02	1
4	float	e03	1
4	float	e10	1
4	float	e11	1
4	float	e12	1
4	float	e13	1
4	float	e20	1
4	float	e21	1
4	float	e22	1
4	float	e23	1
4	float	e30	1
4	float	e31	1
4	float	e32	1
4	float	e33	1
1	vector	m_BoneNameHashes	32769
2	Array	Array	16385
3	int	size	1
3	unsigned int	data	1
1	unsigned int	m_RootBoneNameHash	1
1	vector	m_BonesAABB	32769
2	Array	Array	16385
3	int	size	1
3	MinMaxAABB	data	1
4	Vector3f	m_Min	2097153
5	float	x	2097153
5	float	y	2097153
5	float	z	2097153
4	Vector3f	m_Max	2097153
5	float	x	2097153
5	float	y	2097153
5	float	z	2097153
1	VariableBoneCountWeights	m_VariableBoneCountWeights	32769
2	vector	m_Data	32769
3	Array	Array	16385
4	int	size	1
4	unsigned int	data	1
1	UInt8	m_MeshCompression	1
1	bool	m_IsReadable	1
1	bool	m_KeepVertices	1
1	bool	m_KeepIndices	16385
1	int	m_IndexFormat	1
1	vector	m_IndexBuffer	32769
2	Array	Array	16385
3	int	size	1
3	UInt8	data	1
1	VertexData	m_VertexData	49153
2	unsigned int	m_VertexCount	1
2	vector	m_Channels	32769
3	Array	Array	16385
4	int	size	1
4	ChannelInfo	data	1
5	UInt8	stream	1
5	UInt8	offset	1
5	UInt8	format	1
5	UInt8	dimension	1
2	TypelessData	m_DataSize	16385
3	int	size	1
3	UInt8	data	1
1	CompressedMesh	m_CompressedMesh	32769
2	PackedBitVector	m_Vertices	32769
3	unsigned int	m_NumItems	1
3	float	m_Range	1
3	float	m_Start	1
3	vector	m_Data	32769
4	Array	Array	16385
5	int	size	1
5	UInt8	data	1
3	UInt8	m_BitSize	16385
2	PackedBitVector	m_UV	32769
3	unsigned int	m_NumItems	1
3	float	m_Range	1
3	float	m_Start	1
3	vector	m_Data	32769
4	Array	Array	16385
5	int	size	1
5	UInt8	data	1
3	UInt8	m_BitSize	16385
2	PackedBitVector	m_Normals	32769
3	unsigned int	m_NumItems	1
3	float	m_Range	1
3	float	m_Start	1
3	vector	m_Data	32769
4	Array	Array	16385
5	int	size	1
5	UInt8	data	1
3	UInt8	m_BitSize	16385
2	PackedBitVector	m_Tangents	32769
3	unsigned int	m_NumItems	1
3	float	m_Range	1
3	float	m_Start	1
3	vector	m_Data	32769
4	Array	Array	16385
5	int	size	1
5	UInt8	data	1
3	UInt8	m_BitSize	16385
2	PackedBitVector	m_Weights	32769
3	unsigned int	m_NumItems	1
3	vector	m_Data	32769
4	Array	Array	16385
5	int	size	1
5	UInt8	data	1
3	UInt8	m_BitSize	16385
2	PackedBitVector	m_NormalSigns	32769
3	unsigned int	m_NumItems	1
3	vector	m_Data	32769
4	Array	Array	16385
5	int	size	1
5	UInt8	data	1
3	UInt8	m_BitSize	16385
2	PackedBitVector	m_TangentSigns	32769
3	unsigned int	m_NumItems	1
3	vector	m_Data	32769
4	Array	Array	16385
5	int	size	1
5	UInt8	data	1
3	UInt8	m_BitSize	16385
2	PackedBitVector	m_FloatColors	32769
3	unsigned int	m_NumItems	1
3	float	m_Range	1
3	float	m_Start	1
3	vector	m_Data	32769
4	Array	Array	16385
5	int	size	1
5	UInt8	data	1
3	UInt8	m_BitSize	16385
2	PackedBitVector	m_BoneIndices	32769
3	unsigned int	m_NumItems	1
3	vector	m_Data	32769
4	Array	Array	16385
5	int	size	1
5	UInt8	data	1
3	UInt8	m_BitSize	16385
2	PackedBitVector	m_Triangles	32769
3	unsigned int	m_NumItems	1
3	vector	m_Data	32769
4	Array	Array	16385
5	int	size	1
5	UInt8	data	1
3	UInt8	m_BitSize	16385
2	unsigned int	m_UVInfo	1
1	AABB	m_LocalAABB	1
2	Vector3f	m_Center	2097153
3	float	x	2097153
3	float	y	2097153
3	float	z	2097153
2	Vector3f	m_Extent	2097153
3	float	x	2097153
3	float	y	2097153
3	float	z	2097153
1	int	m_MeshUsageFlags	1
1	int	m_CookingOptions	0
1	vector	m_BakedConvexCollisionMesh	32769
2	Array	Array	16385
3	int	size	1
3	UInt8	data	1
1	vector	m_BakedTriangleCollisionMesh	32769
2	Array	Array	16385
3	int	size	1
3	UInt8	data	1
1	float	m_MeshMetrics[0]	0
1	float	m_MeshMetrics[1]	16384
1	StreamingInfo	m_StreamData	32768
2	UInt64	offset	0
2	unsigned int	size	0
2	string	path	32768
3	Array	Array	16385
4	int	size	1
4	char	data	1
class	6000.0.51f1	48	Shader
0	Shader	Base	32768
1	string	m_Name	557057
2	Array	Array	540673
3	int	size	524289
3	char	data	524289
1	SerializedShader	m_ParsedForm	32768
2	SerializedProperties	m_PropInfo	32768
3	vector	m_Props	32768
4	Array	Array	49152
5	int	size	0
5	SerializedProperty	data	32768
6	string	m_Name	32768
7	Array	Array	16385
8	int	size	1
8	char	data	1
6	string	m_Description	32768
7	Array	Array	16385
8	int	size	1
8	char	data	1
6	vector	m_Attributes	32768
7	Array	Array	49152
8	int	size	0
8	string	data	32768
9	Array	Array	16385
10	int	size	1
10	char	data	1
6	int	m_Type	0
6	unsigned int	m_Flags	0
6	float	m_DefValue[0]	0
6	float	m_DefValue[1]	0
6	float	m_DefValue[2]	0
6	float	m_DefValue[3]	0
6	SerializedTextureProperty	m_DefTexture	32768
7	string	m_DefaultName	32768
8	Array	Array	16385
9	int	size	1
9	char	data	1
7	int	m_TexDim	0
2	vector	m_SubShaders	32768
3	Array	Array	49152
4	int	size	0
4	SerializedSubShader	data	32768
5	vector	m_Passes	32768
6	Array	Array	49152
7	int	size	0
7	SerializedPass	data	32768
8	map	m_NameIndices	32768
9	Array	Array	32768
10	int	size	0
10	pair	data	32768
11	string	first	32768
12	Array	Array	16385
13	int	size	1
13	char	data	1
11	int	second	0
8	int	m_Type	0
8	SerializedShaderState	m_State	32768
9	string	m_Name	32768
10	Array	Array	16385
11	int	size	1
11	char	data	1
9	SerializedShaderRTBlendState	rtBlend0	32768
10	SerializedShaderFloatValue	srcBlend	32768
11	float	val	0
11	string	name	32768
12	Array	Array	16385
13	int	size	1
13	char	data	1
10	SerializedShaderFloatValue	destBlend	32768
11	float	val	0
11	string	name	32768
12	Array	Array	16385
13	int	size	1
13	char	data	1
10	SerializedShaderFloatValue	srcBlendAlpha	32768
11	float	val	0
11	string	name	32768
12	Array	Array	16385
13	int	size	1
13	char	data	1
10	SerializedShaderFloatValue	destBlendAlpha	32768
11	float	val	0
11	string	name	32768
12	Array	Array	16385
13	int	size	1
13	char	data	1
10	SerializedShaderFloatValue	blendOp	32768
11	float	val	0
11	string	name	32768
12	Array	Array	16385
13	int	size	1
13	char	data	1
10	SerializedShaderFloatValue	blendOpAlpha	32768
11	float	val	0
11	string	name	32768
12	Array	Array	16385
13	int	size	1
13	char	data	1
10	SerializedShaderFloatValue	colMask	32768
11	float	val	0
11	string	name	32768
12	Array	Array	16385
13	int	size	1
13	char	data	1
9	SerializedShaderRTBlendState	rtBlend1	32768
10	SerializedShaderFloatValue	srcBlend	32768
11	float	val	0
11	string	name	32768
12	Array	Array	16385
13	int	size	1
13	char	data	1
10	SerializedShaderFloatValue	destBlend	32768
11	float	val	0
11	string	name	32768
12	Array	Array	16385
13	int	size	1
13	char	data	1
10	SerializedShaderFloatValue	srcBlendAlpha	32768
11	float	val	0
11	string	name	32768
12	Array	Array	16385
13	int	size	1
13	char	data	1
10	SerializedShaderFloatValue	destBlendAlpha	32768
11	float	val	0
11	string	name	32768
12	Array	Array	16385
13	int	size	1
13	char	data	1
10	SerializedShaderFloatValue	blendOp	32768
11	float	val	0
11	string	name	32768
12	Array	Array	16385
13	int	size	1
13	char	data	1
10	SerializedShaderFloatValue	blendOpAlpha	32768
11	float	val	0
11	string	name	32768
12	Array	Array	16385
13	int	size	1
13	char	data	1
10	SerializedShaderFloatValue	colMask	32768
11	float	val	0
11	string	name	32768
12	Array	Array	16385
13	int	size	1
13	char	data	1
9	SerializedShaderRTBlendState	rtBlend2	32768
10	SerializedShaderFloatValue	srcBlend	32768
11	float	val	0
11	string	name	32768
12	Array	Array	16385
13	int	size	1
13	char	data	1
10	SerializedShaderFloatValue	destBlend	32768
11	float	val	0
11	string	name	32768
12	Array	Array	16385
13	int	size	1
13	char	data	1
10	SerializedShaderFloatValue	srcBlendAlpha	32768
11	float	val	0
11	string	name	32768
12	Array	Array	16385
13	int	size	1
13	char	data	1
10	SerializedShaderFloatValue	destBlendAlpha	32768
11	float	val	0
11	string	name	32768
12	Array	Array	16385
13	int	size	1
13	char	data	1
10	SerializedShaderFloatValue	blendOp	32768
11	float	val	0
11	string	name	32768
12	Array	Array	16385
13	int	size	1
13	char	data	1
10	SerializedShaderFloatValue	blendOpAlpha	32768
11	float	val	0
11	string	name	32768
12	Array	Array	16385
13	int	size	1
13	char	data	1
10	SerializedShaderFloatValue	colMask	32768
11	float	val	0
11	string	name	32768
12	Array	Array	16385
13	int	size	1
13	char	data	1
9	SerializedShaderRTBlendState	rtBlend3	32768
10	SerializedShaderFloatValue	srcBlend	32768
11	float	val	0
11	string	name	32768
12	Array	Array	16385
13	int	size	1
13	char	data	1
10	SerializedShaderFloatValue	destBlend	32768
11	float	val	0
11	string	name	32768
12	Array	Array	16385
13	int	size	1
13	char	data	1
10	SerializedShaderFloatValue	srcBlendAlpha	32768
11	float	val	0
11	string	name	32768
12	Array	Array	16385
13	int	size	1
13	char	data	1
10	SerializedShaderFloatValue	destBlendAlpha	32768
11	float	val	0
11	string	name	32768
12	Array	Array	16385
13	int	size	1
13	char	data	1
10	SerializedShaderFloatValue	blendOp	32768
11	float	val	0
11	string	name	32768
12	Array	Array	16385
13	int	size	1
13	char	data	1
10	SerializedShaderFloatValue	blendOpAlpha	32768
11	float	val	0
11	string	name	32768
12	Array	Array	16385
13	int	size	1
13	char	data	1
10	SerializedShaderFloatValue	colMask	32768
11	float	val	0
11	string	name	32768
12	Array	Array	16385
13	int	size	1
13	char	data	1
9	SerializedShaderRTBlendState	rtBlend4	32768
10	SerializedShaderFloatValue	srcBlend	32768
11	float	val	0
11	string	name	32768
12	Array	Array	16385
13	int	size	1
13	char	data	1
10	SerializedShaderFloatValue	destBlend	32768
11	float	val	0
11	string	name	32768
12	Array	Array	16385
13	int	size	1
13	char	data	1
10	SerializedShaderFloatValue	srcBlendAlpha	32768
11	float	val	0
11	string	name	32768
12	Array	Array	16385
13	int	size	1
13	char	data	1
10	SerializedShaderFloatValue	destBlendAlpha	32768
11	float	val	0
11	string	name	32768
12	Array	Array	16385
13	int	size	1
13	char	data	1
10	SerializedShaderFloatValue	blendOp	32768
11	float	val	0
11	string	name	32768
12	Array	Array	16385
13	int	size	1
13	char	data	1
10	SerializedShaderFloatValue	blendOpAlpha	32768
11	float	val	0
11	string	name	32768
12	Array	Array	16385
13	int	size	1
13	char	data	1
10	SerializedShaderFloatValue	colMask	32768
11	float	val	0
11	string	name	32768
12	Array	Array	16385
13	int	size	1
13	char	data	1
9	SerializedShaderRTBlendState	rtBlend5	32768
10	SerializedShaderFloatValue	srcBlend	32768
11	float	val	0
11	string	name	32768
12	Array	Array	16385
13	int	size	1
13	char	data	1
10	SerializedShaderFloatValue	destBlend	32768
11	float	val	0
11	string	name	32768
12	Array	Array	16385
13	int	size	1
13	char	data	1
10	SerializedShaderFloatValue	srcBlendAlpha	32768
11	float	val	0
11	string	name	32768
12	Array	Array	16385
13	int	size	1
13	char	data	1
10	SerializedShaderFloatValue	destBlendAlpha	32768
11	float	val	0
11	string	name	32768
12	Array	Array	16385
13	int	size	1
13	char	data	1
10	SerializedShaderFloatValue	blendOp	32768
11	float	val	0
11	string	name	32768
12	Array	Array	16385
13	int	size	1
13	char	data	1
10	SerializedShaderFloatValue	blendOpAlpha	32768
11	float	val	0
11	string	name	32768
12	Array	Array	16385
13	int	size	1
13	char	data	1
10	SerializedShaderFloatValue	colMask	32768
11	float	val	0
11	string	name	32768
12	Array	Array	16385
13	int	size	1
13	char	data	1
9	SerializedShaderRTBlendState	rtBlend6	32768
10	SerializedShaderFloatValue	srcBlend	32768
11	float	val	0
11	string	name	32768
12	Array	Array	16385
13	int	size	1
13	char	data	1
10	SerializedShaderFloatValue	destBlend	32768
11	float	val	0
11	string	name	32768
12	Array	Array	16385
13	int	size	1
13	char	data	1
10	SerializedShaderFloatValue	srcBlendAlpha	32768
11	float	val	0
11	string	name	32768
12	Array	Array	16385
13	int	size	1
13	char	data	1
10	SerializedShaderFloatValue	destBlendAlpha	32768
11	float	val	0
11	string	name	32768
12	Array	Array	16385
13	int	size	1
13	char	data	1
10	SerializedShaderFloatValue	blendOp	32768
11	float	val	0
11	string	name	32768
12	Array	Array	16385
13	int	size	1
13	char	data	1
10	SerializedShaderFloatValue	blendOpAlpha	32768
11	float	val	0
11	string	name	32768
12	Array	Array	16385
13	int	size	1
13	char	data	1
10	SerializedShaderFloatValue	colMask	32768
11	float	val	0
11	string	name	32768
12	Array	Array	16385
13	int	size	1
13	char	data	1
9	SerializedShaderRTBlendState	rtBlend7	32768
10	SerializedShaderFloatValue	srcBlend	32768
11	float	val	0
11	string	name	32768
12	Array	Array	16385
13	int	size	1
13	char	data	1
10	SerializedShaderFloatValue	destBlend	32768
11	float	val	0
11	string	name	32768
12	Array	Array	16385
13	int	size	1
13	char	data	1
10	SerializedShaderFloatValue	srcBlendAlpha	32768
11	float	val	0
11	string	name	32768
12	Array	Array	16385
13	int	size	1
13	char	data	1
10	SerializedShaderFloatValue	destBlendAlpha	32768
11	float	val	0
11	string	name	32768
12	Array	Array	16385
13	int	size	1
13	char	data	1
10	SerializedShaderFloatValue	blendOp	32768
11	float	val	0
11	string	name	32768
12	Array	Array	16385
13	int	size	1
13	char	data	1
10	SerializedShaderFloatValue	blendOpAlpha	32768
11	float	val	0
11	string	name	32768
12	Array	Array	16385
13	int	size	1
13	char	data	1
10	SerializedShaderFloatValue	colMask	32768
11	float	val	0
11	string	name	32768
12	Array	Array	16385
13	int	size	1
13	char	data	1
9	bool	rtSeparateBlend	16384
9	SerializedShaderFloatValue	zClip	32768
10	float	val	0
10	string	name	32768
11	Array	Array	16385
12	int	size	1
12	char	data	1
9	SerializedShaderFloatValue	zTest	32768
10	float	val	0
10	string	name	32768
11	Array	Array	16385
12	int	size	1
12	char	data	1
9	SerializedShaderFloatValue	zWrite	32768
10	float	val	0
10	string	name	32768
11	Array	Array	16385
12	int	size	1
12	char	data	1
9	SerializedShaderFloatValue	culling	32768
10	float	val	0
10	string	name	32768
11	Array	Array	16385
12	int	size	1
12	char	data	1
9	SerializedShaderFloatValue	conservative	32768
10	float	val	0
10	string	name	32768
11	Array	Array	16385
12	int	size	1
12	char	data	1
9	SerializedShaderFloatValue	offsetFactor	32768
10	float	val	0
10	string	name	32768
11	Array	Array	16385
12	int	size	1
12	char	data	1
9	SerializedShaderFloatValue	offsetUnits	32768
10	float	val	0
10	string	name	32768
11	Array	Array	16385
12	int	size	1
12	char	data	1
9	SerializedShaderFloatValue	alphaToMask	32768
10	float	val	0
10	string	name	32768
11	Array	Array	16385
12	int	size	1
12	char	data	1
9	SerializedStencilOp	stencilOp	32768
10	SerializedShaderFloatValue	pass	32768
11	float	val	0
11	string	name	32768
12	Array	Array	16385
13	int	size	1
13	char	data	1
10	SerializedShaderFloatValue	fail	32768
11	float	val	0
11	string	name	32768
12	Array	Array	16385
13	int	size	1
13	char	data	1
10	SerializedShaderFloatValue	zFail	32768
11	float	val	0
11	string	name	32768
12	Array	Array	16385
13	int	size	1
13	char	data	1
10	SerializedShaderFloatValue	comp	32768
11	float	val	0
11	string	name	32768
12	Array	Array	16385
13	int	size	1
13	char	data	1
9	SerializedStencilOp	stencilOpFront	32768
10	SerializedShaderFloatValue	pass	32768
11	float	val	0
11	string	name	32768
12	Array	Array	16385
13	int	size	1
13	char	data	1
10	SerializedShaderFloatValue	fail	32768
11	float	val	0
11	string	name	32768
12	Array	Array	16385
13	int	size	1
13	char	data	1
10	SerializedShaderFloatValue	zFail	32768
11	float	val	0
11	string	name	32768
12	Array	Array	16385
13	int	size	1
13	char	data	1
10	SerializedShaderFloatValue	comp	32768
11	float	val	0
11	string	name	32768
12	Array	Array	16385
13	int	size	1
13	char	data	1
9	SerializedStencilOp	stencilOpBack	32768
10	SerializedShaderFloatValue	pass	32768
11	float	val	0
11	string	name	32768
12	Array	Array	16385
13	int	size	1
13	char	data	1
10	SerializedShaderFloatValue	fail	32768
11	float	val	0
11	string	name	32768
12	Array	Array	16385
13	int	size	1
13	char	data	1
10	SerializedShaderFloatValue	zFail	32768
11	float	val	0
11	string	name	32768
12	Array	Array	16385
13	int	size	1
13	char	data	1
10	SerializedShaderFloatValue	comp	32768
11	float	val	0
11	string	name	32768
12	Array	Array	16385
13	int	size	1
13	char	data	1
9	SerializedShaderFloatValue	stencilReadMask	32768
10	float	val	0
10	string	name	32768
11	Array	Array	16385
12	int	size	1
12	char	data	1
9	SerializedShaderFloatValue	stencilWriteMask	32768
10	float	val	0
10	string	name	32768
11	Array	Array	16385
12	int	size	1
12	char	data	1
9	SerializedShaderFloatValue	stencilRef	32768
10	float	val	0
10	string	name	32768
11	Array	Array	16385
12	int	size	1
12	char	data	1
9	SerializedShaderFloatValue	fogStart	32768
10	float	val	0
10	string	name	32768
11	Array	Array	16385
12	int	size	1
12	char	data	1
9	SerializedShaderFloatValue	fogEnd	32768
10	float	val	0
10	string	name	32768
11	Array	Array	16385
12	int	size	1
12	char	data	1
9	SerializedShaderFloatValue	fogDensity	32768
10	float	val	0
10	string	name	32768
11	Array	Array	16385
12	int	size	1
12	char	data	1
9	SerializedShaderVectorValue	fogColor	32768
10	SerializedShaderFloatValue	x	32768
11	float	val	0
11	string	name	32768
12	Array	Array	16385
13	int	size	1
13	char	data	1
10	SerializedShaderFloatValue	y	32768
11	float	val	0
11	string	name	32768
12	Array	Array	16385
13	int	size	1
13	char	data	1
10	SerializedShaderFloatValue	z	32768
11	float	val	0
11	string	name	32768
12	Array	Array	16385
13	int	size	1
13	char	data	1
10	SerializedShaderFloatValue	w	32768
11	float	val	0
11	string	name	32768
12	Array	Array	16385
13	int	size	1
13	char	data	1
10	string	name	32768
11	Array	Array	16385
12	int	size	1
12	char	data	1
9	int	fogMode	0
9	int	gpuProgramID	0
9	SerializedTagMap	m_Tags	32768
10	map	tags	32768
11	Array	Array	32768
12	int	size	0
12	pair	data	32768
13	string	first	32768
14	Array	Array	16385
15	int	size	1
15	char	data	1
13	string	second	32768
14	Array	Array	16385
15	int	size	1
15	char	data	1
9	int	m_LOD	0
9	bool	lighting	16384
8	unsigned int	m_ProgramMask	0
8	SerializedProgram	progVertex	32768
9	vector	m_SubPrograms	32768
10	Array	Array	49152
11	int	size	0
11	SerializedSubProgram	data	32768
12	unsigned int	m_BlobIndex	0
12	ParserBindChannels	m_Channels	32768
13	vector	m_Channels	49152
14	Array	Array	16384
15	int	size	0
15	ShaderBindChannel	data	0
16	SInt8	source	0
16	SInt8	target	0
13	int	m_SourceMap	0
12	vector	m_KeywordIndices	32768
13	Array	Array	16384
14	int	size	0
14	UInt16	data	0
12	SInt8	m_ShaderHardwareTier	0
12	SInt8	m_GpuProgramType	16384
12	SerializedProgramParameters	m_Parameters	32768
13	vector	m_VectorParams	32768
14	Array	Array	49152
15	int	size	0
15	VectorParameter	data	32768
16	int	m_NameIndex	0
16	int	m_Index	0
16	int	m_ArraySize	0
16	SInt8	m_Type	0
16	SInt8	m_Dim	16384
13	vector	m_MatrixParams	32768
14	Array	Array	49152
15	int	size	0
15	MatrixParameter	data	32768
16	int	m_NameIndex	0
16	int	m_Index	0
16	int	m_ArraySize	0
16	SInt8	m_Type	0
16	SInt8	m_RowCount	16384
13	vector	m_TextureParams	32768
14	Array	Array	49152
15	int	size	0
15	TextureParameter	data	32768
16	int	m_NameIndex	0
16	int	m_Index	0
16	int	m_SamplerIndex	0
16	bool	m_MultiSampled	0
16	SInt8	m_Dim	16384
13	vector	m_BufferParams	32768
14	Array	Array	16384
15	int	size	0
15	BufferBinding	data	0
16	int	m_NameIndex	0
16	int	m_Index	0
16	int	m_ArraySize	0
13	vector	m_ConstantBuffers	32768
14	Array	Array	49152
15	int	size	0
15	ConstantBuffer	data	32768
16	int	m_NameIndex	0
16	vector	m_MatrixParams	32768
17	Array	Array	49152
18	int	size	0
18	MatrixParameter	data	32768
19	int	m_NameIndex	0
19	int	m_Index	0
19	int	m_ArraySize	0
19	SInt8	m_Type	0
19	SInt8	m_RowCount	16384
16	vector	m_VectorParams	32768
17	Array	Array	49152
18	int	size	0
18	VectorParameter	data	32768
19	int	m_NameIndex	0
19	int	m_Index	0
19	int	m_ArraySize	0
19	SInt8	m_Type	0
19	SInt8	m_Dim	16384
16	vector	m_StructParams	32768
17	Array	Array	49152
18	int	size	0
18	StructParameter	data	32768
19	int	m_NameIndex	0
19	int	m_Index	0
19	int	m_ArraySize	0
19	int	m_StructSize	0
19	vector	m_VectorMembers	32768
20	Array	Array	49152
21	int	size	0
21	VectorParameter	data	32768
22	int	m_NameIndex	0
22	int	m_Index	0
22	int	m_ArraySize	0
22	SInt8	m_Type	0
22	SInt8	m_Dim	16384
19	vector	m_MatrixMembers	32768
20	Array	Array	49152
21	int	size	0
21	MatrixParameter	data	32768
22	int	m_NameIndex	0
22	int	m_Index	0
22	int	m_ArraySize	0
22	SInt8	m_Type	0
22	SInt8	m_RowCount	16384
16	int	m_Size	0
16	bool	m_IsPartialCB	16384
13	vector	m_ConstantBufferBindings	32768
14	Array	Array	16384
15	int	size	0
15	BufferBinding	data	0
16	int	m_NameIndex	0
16	int	m_Index	0
16	int	m_ArraySize	0
13	vector	m_UAVParams	32768
14	Array	Array	16384
15	int	size	0
15	UAVParameter	data	0
16	int	m_NameIndex	0
16	int	m_Index	0
16	int	m_OriginalIndex	0
13	vector	m_Samplers	32768
14	Array	Array	16384
15	int	size	0
15	SamplerParameter	data	0
16	unsigned int	sampler	0
16	int	bindPoint	0
12	SInt64	m_ShaderRequirements	0
9	vector	m_PlayerSubPrograms	32768
10	Array	Array	49152
11	int	size	0
11	vector	data	32768
12	Array	Array	49152
13	int	size	0
13	SerializedPlayerSubProgram	data	32768
14	unsigned int	m_BlobIndex	0
14	vector	m_KeywordIndices	32768
15	Array	Array	16384
16	int	size	0
16	UInt16	data	0
14	SInt64	m_ShaderRequirements	0
14	SInt8	m_GpuProgramType	16384
9	vector	m_ParameterBlobIndices	32768
10	Array	Array	49152
11	int	size	0
11	vector	data	32768
12	Array	Array	16384
13	int	size	0
13	unsigned int	data	0
9	SerializedProgramParameters	m_CommonParameters	32768
10	vector	m_VectorParams	32768
11	Array	Array	49152
12	int	size	0
12	VectorParameter	data	32768
13	int	m_NameIndex	0
13	int	m_Index	0
13	int	m_ArraySize	0
13	SInt8	m_Type	0
13	SInt8	m_Dim	16384
10	vector	m_MatrixParams	32768
11	Array	Array	49152
12	int	size	0
12	MatrixParameter	data	32768
13	int	m_NameIndex	0
13	int	m_Index	0
13	int	m_ArraySize	0
13	SInt8	m_Type	0
13	SInt8	m_RowCount	16384
10	vector	m_TextureParams	32768
11	Array	Array	49152
12	int	size	0
12	TextureParameter	data	32768
13	int	m_NameIndex	0
13	int	m_Index	0
13	int	m_SamplerIndex	0
13	bool	m_MultiSampled	0
13	SInt8	m_Dim	16384
10	vector	m_BufferParams	32768
11	Array	Array	16384
12	int	size	0
12	BufferBinding	data	0
13	int	m_NameIndex	0
13	int	m_Index	0
13	int	m_ArraySize	0
10	vector	m_ConstantBuffers	32768
11	Array	Array	49152
12	int	size	0
12	ConstantBuffer	data	32768
13	int	m_NameIndex	0
13	vector	m_MatrixParams	32768
14	Array	Array	49152
15	int	size	0
15	MatrixParameter	data	32768
16	int	m_NameIndex	0
16	int	m_Index	0
16	int	m_ArraySize	0
16	SInt8	m_Type	0
16	SInt8	m_RowCount	16384
13	vector	m_VectorParams	32768
14	Array	Array	49152
15	int	size	0
15	VectorParameter	data	32768
16	int	m_NameIndex	0
16	int	m_Index	0
16	int	m_ArraySize	0
16	SInt8	m_Type	0
16	SInt8	m_Dim	16384
13	vector	m_StructParams	32768
14	Array	Array	49152
15	int	size	0
15	StructParameter	data	32768
16	int	m_NameIndex	0
16	int	m_Index	0
16	int	m_ArraySize	0
16	int	m_StructSize	0
16	vector	m_VectorMembers	32768
17	Array	Array	49152
18	int	size	0
18	VectorParameter	data	32768
19	int	m_NameIndex	0
19	int	m_Index	0
19	int	m_ArraySize	0
19	SInt8	m_Type	0
19	SInt8	m_Dim	16384
16	vector	m_MatrixMembers	32768
17	Array	Array	49152
18	int	size	0
18	MatrixParameter	data	32768
19	int	m_NameIndex	0
19	int	m_Index	0
19	int	m_ArraySize	0
19	SInt8	m_Type	0
19	SInt8	m_RowCount	16384
13	int	m_Size	0
13	bool	m_IsPartialCB	16384
10	vector	m_ConstantBufferBindings	32768
11	Array	Array	16384
12	int	size	0
12	BufferBinding	data	0
13	int	m_NameIndex	0
13	int	m_Index	0
13	int	m_ArraySize	0
10	vector	m_UAVParams	32768
11	Array	Array	16384
12	int	size	0
12	UAVParameter	data	0
13	int	m_NameIndex	0
13	int	m_Index	0
13	int	m_OriginalIndex	0
10	vector	m_Samplers	32768
11	Array	Array	16384
12	int	size	0
12	SamplerParameter	data	0
13	unsigned int	sampler	0
13	int	bindPoint	0
9	vector	m_SerializedKeywordStateMask	32768
10	Array	Array	16384
11	int	size	0
11	UInt16	data	0
8	SerializedProgram	progFragment	32768
9	vector	m_SubPrograms	32768
10	Array	Array	49152
11	int	size	0
11	SerializedSubProgram	data	32768
12	unsigned int	m_BlobIndex	0
12	ParserBindChannels	m_Channels	32768
13	vector	m_Channels	49152
14	Array	Array	16384
15	int	size	0
15	ShaderBindChannel	data	0
16	SInt8	source	0
16	SInt8	target	0
13	int	m_SourceMap	0
12	vector	m_KeywordIndices	32768
13	Array	Array	16384
14	int	size	0
14	UInt16	data	0
12	SInt8	m_ShaderHardwareTier	0
12	SInt8	m_GpuProgramType	16384
12	SerializedProgramParameters	m_Parameters	32768
13	vector	m_VectorParams	32768
14	Array	Array	49152
15	int	size	0
15	VectorParameter	data	32768
16	int	m_NameIndex	0
16	int	m_Index	0
16	int	m_ArraySize	0
16	SInt8	m_Type	0
16	SInt8	m_Dim	16384
13	vector	m_MatrixParams	32768
14	Array	Array	49152
15	int	size	0
15	MatrixParameter	data	32768
16	int	m_NameIndex	0
16	int	m_Index	0
16	int	m_ArraySize	0
16	SInt8	m_Type	0
16	SInt8	m_RowCount	16384
13	vector	m_TextureParams	32768
14	Array	Array	49152
15	int	size	0
15	TextureParameter	data	32768
16	int	m_NameIndex	0
16	int	m_Index	0
16	int	m_SamplerIndex	0
16	bool	m_MultiSampled	0
16	SInt8	m_Dim	16384
13	vector	m_BufferParams	32768
14	Array	Array	16384
15	int	size	0
15	BufferBinding	data	0
16	int	m_NameIndex	0
16	int	m_Index	0
16	int	m_ArraySize	0
13	vector	m_ConstantBuffers	32768
14	Array	Array	49152
15	int	size	0
15	ConstantBuffer	data	32768
16	int	m_NameIndex	0
16	vector	m_MatrixParams	32768
17	Array	Array	49152
18	int	size	0
18	MatrixParameter	data	32768
19	int	m_NameIndex	0
19	int	m_Index	0
19	int	m_ArraySize	0
19	SInt8	m_Type	0
19	SInt8	m_RowCount	16384
16	vector	m_VectorParams	32768
17	Array	Array	49152
18	int	size	0
18	VectorParameter	data	32768
19	int	m_NameIndex	0
19	int	m_Index	0
19	int	m_ArraySize	0
19	SInt8	m_Type	0
19	SInt8	m_Dim	16384
16	vector	m_StructParams	32768
17	Array	Array	49152
18	int	size	0
18	StructParameter	data	32768
19	int	m_NameIndex	0
19	int	m_Index	0
19	int	m_ArraySize	0
19	int	m_StructSize	0
19	vector	m_VectorMembers	32768
20	Array	Array	49152
21	int	size	0
21	VectorParameter	data	32768
22	int	m_NameIndex	0
22	int	m_Index	0
22	int	m_ArraySize	0
22	SInt8	m_Type	0
22	SInt8	m_Dim	16384
19	vector	m_MatrixMembers	32768
20	Array	Array	49152
21	int	size	0
21	MatrixParameter	data	32768
22	int	m_NameIndex	0
22	int	m_Index	0
22	int	m_ArraySize	0
22	SInt8	m_Type	0
22	SInt8	m_RowCount	16384
16	int	m_Size	0
16	bool	m_IsPartialCB	16384
13	vector	m_ConstantBufferBindings	32768
14	Array	Array	16384
15	int	size	0
15	BufferBinding	data	0
16	int	m_NameIndex	0
16	int	m_Index	0
16	int	m_ArraySize	0
13	vector	m_UAVParams	32768
14	Array	Array	16384
15	int	size	0
15	UAVParameter	data	0
16	int	m_NameIndex	0
16	int	m_Index	0
16	int	m_OriginalIndex	0
13	vector	m_Samplers	32768
14	Array	Array	16384
15	int	size	0
15	SamplerParameter	data	0
16	unsigned int	sampler	0
16	int	bindPoint	0
12	SInt64	m_ShaderRequirements	0
9	vector	m_PlayerSubPrograms	32768
10	Array	Array	49152
11	int	size	0
11	vector	data	32768
12	Array	Array	49152
13	int	size	0
13	SerializedPlayerSubProgram	data	32768
14	unsigned int	m_BlobIndex	0
14	vector	m_KeywordIndices	32768
15	Array	Array	16384
16	int	size	0
16	UInt16	data	0
14	SInt64	m_ShaderRequirements	0
14	SInt8	m_GpuProgramType	16384
9	vector	m_ParameterBlobIndices	32768
10	Array	Array	49152
11	int	size	0
11	vector	data	32768
12	Array	Array	16384
13	int	size	0
13	unsigned int	data	0
9	SerializedProgramParameters	m_CommonParameters	32768
10	vector	m_VectorParams	32768
11	Array	Array	49152
12	int	size	0
12	VectorParameter	data	32768
13	int	m_NameIndex	0
13	int	m_Index	0
13	int	m_ArraySize	0
13	SInt8	m_Type	0
13	SInt8	m_Dim	16384
10	vector	m_MatrixParams	32768
11	Array	Array	49152
12	int	size	0
12	MatrixParameter	data	32768
13	int	m_NameIndex	0
13	int	m_Index	0
13	int	m_ArraySize	0
13	SInt8	m_Type	0
13	SInt8	m_RowCount	16384
10	vector	m_TextureParams	32768
11	Array	Array	49152
12	int	size	0
12	TextureParameter	data	32768
13	int	m_NameIndex	0
13	int	m_Index	0
13	int	m_SamplerIndex	0
13	bool	m_MultiSampled	0
13	SInt8	m_Dim	16384
10	vector	m_BufferParams	32768
11	Array	Array	16384
12	int	size	0
12	BufferBinding	data	0
13	int	m_NameIndex	0
13	int	m_Index	0
13	int	m_ArraySize	0
10	vector	m_ConstantBuffers	32768
11	Array	Array	49152
12	int	size	0
12	ConstantBuffer	data	32768
13	int	m_NameIndex	0
13	vector	m_MatrixParams	32768
14	Array	Array	49152
15	int	size	0
15	MatrixParameter	data	32768
16	int	m_NameIndex	0
16	int	m_Index	0
16	int	m_ArraySize	0
16	SInt8	m_Type	0
16	SInt8	m_RowCount	16384
13	vector	m_VectorParams	32768
14	Array	Array	49152
15	int	size	0
15	VectorParameter	data	32768
16	int	m_NameIndex	0
16	int	m_Index	0
16	int	m_ArraySize	0
16	SInt8	m_Type	0
16	SInt8	m_Dim	16384
13	vector	m_StructParams	32768
14	Array	Array	49152
15	int	size	0
15	StructParameter	data	32768
16	int	m_NameIndex	0
16	int	m_Index	0
16	int	m_ArraySize	0
16	int	m_StructSize	0
16	vector	m_VectorMembers	32768
17	Array	Array	49152
18	int	size	0
18	VectorParameter	data	32768
19	int	m_NameIndex	0
19	int	m_Index	0
19	int	m_ArraySize	0
19	SInt8	m_Type	0
19	SInt8	m_Dim	16384
16	vector	m_MatrixMembers	32768
17	Array	Array	49152
18	int	size	0
18	MatrixParameter	data	32768
19	int	m_NameIndex	0
19	int	m_Index	0
19	int	m_ArraySize	0
19	SInt8	m_Type	0
19	SInt8	m_RowCount	16384
13	int	m_Size	0
13	bool	m_IsPartialCB	16384
10	vector	m_ConstantBufferBindings	32768
11	Array	Array	16384
12	int	size	0
12	BufferBinding	data	0
13	int	m_NameIndex	0
13	int	m_Index	0
13	int	m_ArraySize	0
10	vector	m_UAVParams	32768
11	Array	Array	16384
12	int	size	0
12	UAVParameter	data	0
13	int	m_NameIndex	0
13	int	m_Index	0
13	int	m_OriginalIndex	0
10	vector	m_Samplers	32768
11	Array	Array	16384
12	int	size	0
12	SamplerParameter	data	0
13	unsigned int	sampler	0
13	int	bindPoint	0
9	vector	m_SerializedKeywordStateMask	32768
10	Array	Array	16384
11	int	size	0
11	UInt16	data	0
8	SerializedProgram	progGeometry	32768
9	vector	m_SubPrograms	32768
10	Array	Array	49152
11	int	size	0
11	SerializedSubProgram	data	32768
12	unsigned int	m_BlobIndex	0
12	ParserBindChannels	m_Channels	32768
13	vector	m_Channels	49152
14	Array	Array	16384
15	int	size	0
15	ShaderBindChannel	data	0
16	SInt8	source	0
16	SInt8	target	0
13	int	m_SourceMap	0
12	vector	m_KeywordIndices	32768
13	Array	Array	16384
14	int	size	0
14	UInt16	data	0
12	SInt8	m_ShaderHardwareTier	0
12	SInt8	m_GpuProgramType	16384
12	SerializedProgramParameters	m_Parameters	32768
13	vector	m_VectorParams	32768
14	Array	Array	49152
15	int	size	0
15	VectorParameter	data	32768
16	int	m_NameIndex	0
16	int	m_Index	0
16	int	m_ArraySize	0
16	SInt8	m_Type	0
16	SInt8	m_Dim	16384
13	vector	m_MatrixParams	32768
14	Array	Array	49152
15	int	size	0
15	MatrixParameter	data	32768
16	int	m_NameIndex	0
16	int	m_Index	0
16	int	m_ArraySize	0
16	SInt8	m_Type	0
16	SInt8	m_RowCount	16384
13	vector	m_TextureParams	32768
14	Array	Array	49152
15	int	size	0
15	TextureParameter	data	32768
16	int	m_NameIndex	0
16	int	m_Index	0
16	int	m_SamplerIndex	0
16	bool	m_MultiSampled	0
16	SInt8	m_Dim	16384
13	vector	m_BufferParams	32768
14	Array	Array	16384
15	int	size	0
15	BufferBinding	data	0
16	int	m_NameIndex	0
16	int	m_Index	0
16	int	m_ArraySize	0
13	vector	m_ConstantBuffers	32768
14	Array	Array	49152
15	int	size	0
15	ConstantBuffer	data	32768
16	int	m_NameIndex	0
16	vector	m_MatrixParams	32768
17	Array	Array	49152
18	int	size	0
18	MatrixParameter	data	32768
19	int	m_NameIndex	0
19	int	m_Index	0
19	int	m_ArraySize	0
19	SInt8	m_Type	0
19	SInt8	m_RowCount	16384
16	vector	m_VectorParams	32768
17	Array	Array	49152
18	int	size	0
18	VectorParameter	data	32768
19	int	m_NameIndex	0
19	int	m_Index	0
19	int	m_ArraySize	0
19	SInt8	m_Type	0
19	SInt8	m_Dim	16384
16	vector	m_StructParams	32768
17	Array	Array	49152
18	int	size	0
18	StructParameter	data	32768
19	int	m_NameIndex	0
19	int	m_Index	0
19	int	m_ArraySize	0
19	int	m_StructSize	0
19	vector	m_VectorMembers	32768
20	Array	Array	49152
21	int	size	0
21	VectorParameter	data	32768
22	int	m_NameIndex	0
22	int	m_Index	0
22	int	m_ArraySize	0
22	SInt8	m_Type	0
22	SInt8	m_Dim	16384
19	vector	m_MatrixMembers	32768
20	Array	Array	49152
21	int	size	0
21	MatrixParameter	data	32768
22	int	m_NameIndex	0
22	int	m_Index	0
22	int	m_ArraySize	0
22	SInt8	m_Type	0
22	SInt8	m_RowCount	16384
16	int	m_Size	0
16	bool	m_IsPartialCB	16384
13	vector	m_ConstantBufferBindings	32768
14	Array	Array	16384
15	int	size	0
15	BufferBinding	data	0
16	int	m_NameIndex	0
16	int	m_Index	0
16	int	m_ArraySize	0
13	vector	m_UAVParams	32768
14	Array	Array	16384
15	int	size	0
15	UAVParameter	data	0
16	int	m_NameIndex	0
16	int	m_Index	0
16	int	m_OriginalIndex	0
13	vector	m_Samplers	32768
14	Array	Array	16384
15	int	size	0
15	SamplerParameter	data	0
16	unsigned int	sampler	0
16	int	bindPoint	0
12	SInt64	m_ShaderRequirements	0
9	vector	m_PlayerSubPrograms	32768
10	Array	Array	49152
11	int	size	0
11	vector	data	32768
12	Array	Array	49152
13	int	size	0
13	SerializedPlayerSubProgram	data	32768
14	unsigned int	m_BlobIndex	0
14	vector	m_KeywordIndices	32768
15	Array	Array	16384
16	int	size	0
16	UInt16	data	0
14	SInt64	m_ShaderRequirements	0
14	SInt8	m_GpuProgramType	16384
9	vector	m_ParameterBlobIndices	32768
10	Array	Array	49152
11	int	size	0
11	vector	data	32768
12	Array	Array	16384
13	int	size	0
13	unsigned int	data	0
9	SerializedProgramParameters	m_CommonParameters	32768
10	vector	m_VectorParams	32768
11	Array	Array	49152
12	int	size	0
12	VectorParameter	data	32768
13	int	m_NameIndex	0
13	int	m_Index	0
13	int	m_ArraySize	0
13	SInt8	m_Type	0
13	SInt8	m_Dim	16384
10	vector	m_MatrixParams	32768
11	Array	Array	49152
12	int	size	0
12	MatrixParameter	data	32768
13	int	m_NameIndex	0
13	int	m_Index	0
13	int	m_ArraySize	0
13	SInt8	m_Type	0
13	SInt8	m_RowCount	16384
10	vector	m_TextureParams	32768
11	Array	Array	49152
12	int	size	0
12	TextureParameter	data	32768
13	int	m_NameIndex	0
13	int	m_Index	0
13	int	m_SamplerIndex	0
13	bool	m_MultiSampled	0
13	SInt8	m_Dim	16384
10	vector	m_BufferParams	32768
11	Array	Array	16384
12	int	size	0
12	BufferBinding	data	0
13	int	m_NameIndex	0
13	int	m_Index	0
13	int	m_ArraySize	0
10	vector	m_ConstantBuffers	32768
11	Array	Array	49152
12	int	size	0
12	ConstantBuffer	data	32768
13	int	m_NameIndex	0
13	vector	m_MatrixParams	32768
14	Array	Array	49152
15	int	size	0
15	MatrixParameter	data	32768
16	int	m_NameIndex	0
16	int	m_Index	0
16	int	m_ArraySize	0
16	SInt8	m_Type	0
16	SInt8	m_RowCount	16384
13	vector	m_VectorParams	32768
14	Array	Array	49152
15	int	size	0
15	VectorParameter	data	32768
16	int	m_NameIndex	0
16	int	m_Index	0
16	int	m_ArraySize	0
16	SInt8	m_Type	0
16	SInt8	m_Dim	16384
13	vector	m_StructParams	32768
14	Array	Array	49152
15	int	size	0
15	StructParameter	data	32768
16	int	m_NameIndex	0
16	int	m_Index	0
16	int	m_ArraySize	0
16	int	m_StructSize	0
16	vector	m_VectorMembers	32768
17	Array	Array	49152
18	int	size	0
18	VectorParameter	data	32768
19	int	m_NameIndex	0
19	int	m_Index	0
19	int	m_ArraySize	0
19	SInt8	m_Type	0
19	SInt8	m_Dim	16384
16	vector	m_MatrixMembers	32768
17	Array	Array	49152
18	int	size	0
18	MatrixParameter	data	32768
19	int	m_NameIndex	0
19	int	m_Index	0
19	int	m_ArraySize	0
19	SInt8	m_Type	0
19	SInt8	m_RowCount	16384
13	int	m_Size	0
13	bool	m_IsPartialCB	16384
10	vector	m_ConstantBufferBindings	32768
11	Array	Array	16384
12	int	size	0
12	BufferBinding	data	0
13	int	m_NameIndex	0
13	int	m_Index	0
13	int	m_ArraySize	0
10	vector	m_UAVParams	32768
11	Array	Array	16384
12	int	size	0
12	UAVParameter	data	0
13	int	m_NameIndex	0
13	int	m_Index	0
13	int	m_OriginalIndex	0
10	vector	m_Samplers	32768
11	Array	Array	16384
12	int	size	0
12	SamplerParameter	data	0
13	unsigned int	sampler	0
13	int	bindPoint	0
9	vector	m_SerializedKeywordStateMask	32768
10	Array	Array	16384
11	int	size	0
11	UInt16	data	0
8	SerializedProgram	progHull	32768
9	vector	m_SubPrograms	32768
10	Array	Array	49152
11	int	size	0
11	SerializedSubProgram	data	32768
12	unsigned int	m_BlobIndex	0
12	ParserBindChannels	m_Channels	32768
13	vector	m_Channels	49152
14	Array	Array	16384
15	int	size	0
15	ShaderBindChannel	data	0
16	SInt8	source	0
16	SInt8	target	0
13	int	m_SourceMap	0
12	vector	m_KeywordIndices	32768
13	Array	Array	16384
14	int	size	0
14	UInt16	data	0
12	SInt8	m_ShaderHardwareTier	0
12	SInt8	m_GpuProgramType	16384
12	SerializedProgramParameters	m_Parameters	32768
13	vector	m_VectorParams	32768
14	Array	Array	49152
15	int	size	0
15	VectorParameter	data	32768
16	int	m_NameIndex	0
16	int	m_Index	0
16	int	m_ArraySize	0
16	SInt8	m_Type	0
16	SInt8	m_Dim	16384
13	vector	m_MatrixParams	32768
14	Array	Array	49152
15	int	size	0
15	MatrixParameter	data	32768
16	int	m_NameIndex	0
16	int	m_Index	0
16	int	m_ArraySize	0
16	SInt8	m_Type	0
16	SInt8	m_RowCount	16384
13	vector	m_TextureParams	32768
14	Array	Array	49152
15	int	size	0
15	TextureParameter	data	32768
16	int	m_NameIndex	0
16	int	m_Index	0
16	int	m_SamplerIndex	0
16	bool	m_MultiSampled	0
16	SInt8	m_Dim	16384
13	vector	m_BufferParams	32768
14	Array	Array	16384
15	int	size	0
15	BufferBinding	data	0
16	int	m_NameIndex	0
16	int	m_Index	0
16	int	m_ArraySize	0
13	vector	m_ConstantBuffers	32768
14	Array	Array	49152
15	int	size	0
15	ConstantBuffer	data	32768
16	int	m_NameIndex	0
16	vector	m_MatrixParams	32768
17	Array	Array	49152
18	int	size	0
18	MatrixParameter	data	32768
19	int	m_NameIndex	0
19	int	m_Index	0
19	int	m_ArraySize	0
19	SInt8	m_Type	0
19	SInt8	m_RowCount	16384
16	vector	m_VectorParams	32768
17	Array	Array	49152
18	int	size	0
18	VectorParameter	data	32768
19	int	m_NameIndex	0
19	int	m_Index	0
19	int	m_ArraySize	0
19	SInt8	m_Type	0
19	SInt8	m_Dim	16384
16	vector	m_StructParams	32768
17	Array	Array	49152
18	int	size	0
18	StructParameter	data	32768
19	int	m_NameIndex	0
19	int	m_Index	0
19	int	m_ArraySize	0
19	int	m_StructSize	0
19	vector	m_VectorMembers	32768
20	Array	Array	49152
21	int	size	0
21	VectorParameter	data	32768
22	int	m_NameIndex	0
22	int	m_Index	0
22	int	m_ArraySize	0
22	SInt8	m_Type	0
22	SInt8	m_Dim	16384
19	vector	m_MatrixMembers	32768
20	Array	Array	49152
21	int	size	0
21	MatrixParameter	data	32768
22	int	m_NameIndex	0
22	int	m_Index	0
22	int	m_ArraySize	0
22	SInt8	m_Type	0
22	SInt8	m_RowCount	16384
16	int	m_Size	0
16	bool	m_IsPartialCB	16384
13	vector	m_ConstantBufferBindings	32768
14	Array	Array	16384
15	int	size	0
15	BufferBinding	data	0
16	int	m_NameIndex	0
16	int	m_Index	0
16	int	m_ArraySize	0
13	vector	m_UAVParams	32768
14	Array	Array	16384
15	int	size	0
15	UAVParameter	data	0
16	int	m_NameIndex	0
16	int	m_Index	0
16	int	m_OriginalIndex	0
13	vector	m_Samplers	32768
14	Array	Array	16384
15	int	size	0
15	SamplerParameter	data	0
16	unsigned int	sampler	0
16	int	bindPoint	0
12	SInt64	m_ShaderRequirements	0
9	vector	m_PlayerSubPrograms	32768
10	Array	Array	49152
11	int	size	0
11	vector	data	32768
12	Array	Array	49152
13	int	size	0
13	SerializedPlayerSubProgram	data	32768
14	unsigned int	m_BlobIndex	0
14	vector	m_KeywordIndices	32768
15	Array	Array	16384
16	int	size	0
16	UInt16	data	0
14	SInt64	m_ShaderRequirements	0
14	SInt8	m_GpuProgramType	16384
9	vector	m_ParameterBlobIndices	32768
10	Array	Array	49152
11	int	size	0
11	vector	data	32768
12	Array	Array	16384
13	int	size	0
13	unsigned int	data	0
9	SerializedProgramParameters	m_CommonParameters	32768
10	vector	m_VectorParams	32768
11	Array	Array	49152
12	int	size	0
12	VectorParameter	data	32768
13	int	m_NameIndex	0
13	int	m_Index	0
13	int	m_ArraySize	0
13	SInt8	m_Type	0
13	SInt8	m_Dim	16384
10	vector	m_MatrixParams	32768
11	Array	Array	49152
12	int	size	0
12	MatrixParameter	data	32768
13	int	m_NameIndex	0
13	int	m_Index	0
13	int	m_ArraySize	0
13	SInt8	m_Type	0
13	SInt8	m_RowCount	16384
10	vector	m_TextureParams	32768
11	Array	Array	49152
12	int	size	0
12	TextureParameter	data	32768
13	int	m_NameIndex	0
13	int	m_Index	0
13	int	m_SamplerIndex	0
13	bool	m_MultiSampled	0
13	SInt8	m_Dim	16384
10	vector	m_BufferParams	32768
11	Array	Array	16384
12	int	size	0
12	BufferBinding	data	0
13	int	m_NameIndex	0
13	int	m_Index	0
13	int	m_ArraySize	0
10	vector	m_ConstantBuffers	32768
11	Array	Array	49152
12	int	size	0
12	ConstantBuffer	data	32768
13	int	m_NameIndex	0
13	vector	m_MatrixParams	32768
14	Array	Array	49152
15	int	size	0
15	MatrixParameter	data	32768
16	int	m_NameIndex	0
16	int	m_Index	0
16	int	m_ArraySize	0
16	SInt8	m_Type	0
16	SInt8	m_RowCount	16384
13	vector	m_VectorParams	32768
14	Array	Array	49152
15	int	size	0
15	VectorParameter	data	32768
16	int	m_NameIndex	0
16	int	m_Index	0
16	int	m_ArraySize	0
16	SInt8	m_Type	0
16	SInt8	m_Dim	16384
13	vector	m_StructParams	32768
14	Array	Array	49152
15	int	size	0
15	StructParameter	data	32768
16	int	m_NameIndex	0
16	int	m_Index	0
16	int	m_ArraySize	0
16	int	m_StructSize	0
16	vector	m_VectorMembers	32768
17	Array	Array	49152
18	int	size	0
18	VectorParameter	data	32768
19	int	m_NameIndex	0
19	int	m_Index	0
19	int	m_ArraySize	0
19	SInt8	m_Type	0
19	SInt8	m_Dim	16384
16	vector	m_MatrixMembers	32768
17	Array	Array	49152
18	int	size	0
18	MatrixParameter	data	32768
19	int	m_NameIndex	0
19	int	m_Index	0
19	int	m_ArraySize	0
19	SInt8	m_Type	0
19	SInt8	m_RowCount	16384
13	int	m_Size	0
13	bool	m_IsPartialCB	16384
10	vector	m_ConstantBufferBindings	32768
11	Array	Array	16384
12	int	size	0
12	BufferBinding	data	0
13	int	m_NameIndex	0
13	int	m_Index	0
13	int	m_ArraySize	0
10	vector	m_UAVParams	32768
11	Array	Array	16384
12	int	size	0
12	UAVParameter	data	0
13	int	m_NameIndex	0
13	int	m_Index	0
13	int	m_OriginalIndex	0
10	vector	m_Samplers	32768
11	Array	Array	16384
12	int	size	0
12	SamplerParameter	data	0
13	unsigned int	sampler	0
13	int	bindPoint	0
9	vector	m_SerializedKeywordStateMask	32768
10	Array	Array	16384
11	int	size	0
11	UInt16	data	0
8	SerializedProgram	progDomain	32768
9	vector	m_SubPrograms	32768
10	Array	Array	49152
11	int	size	0
11	SerializedSubProgram	data	32768
12	unsigned int	m_BlobIndex	0
12	ParserBindChannels	m_Channels	32768
13	vector	m_Channels	49152
14	Array	Array	16384
15	int	size	0
15	ShaderBindChannel	data	0
16	SInt8	source	0
16	SInt8	target	0
13	int	m_SourceMap	0
12	vector	m_KeywordIndices	32768
13	Array	Array	16384
14	int	size	0
14	UInt16	data	0
12	SInt8	m_ShaderHardwareTier	0
12	SInt8	m_GpuProgramType	16384
12	SerializedProgramParameters	m_Parameters	32768
13	vector	m_VectorParams	32768
14	Array	Array	49152
15	int	size	0
15	VectorParameter	data	32768
16	int	m_NameIndex	0
16	int	m_Index	0
16	int	m_ArraySize	0
16	SInt8	m_Type	0
16	SInt8	m_Dim	16384
13	vector	m_MatrixParams	32768
14	Array	Array	49152
15	int	size	0
15	MatrixParameter	data	32768
16	int	m_NameIndex	0
16	int	m_Index	0
16	int	m_ArraySize	0
16	SInt8	m_Type	0
16	SInt8	m_RowCount	16384
13	vector	m_TextureParams	32768
14	Array	Array	49152
15	int	size	0
15	TextureParameter	data	32768
16	int	m_NameIndex	0
16	int	m_Index	0
16	int	m_SamplerIndex	0
16	bool	m_MultiSampled	0
16	SInt8	m_Dim	16384
13	vector	m_BufferParams	32768
14	Array	Array	16384
15	int	size	0
15	BufferBinding	data	0
16	int	m_NameIndex	0
16	int	m_Index	0
16	int	m_ArraySize	0
13	vector	m_ConstantBuffers	32768
14	Array	Array	49152
15	int	size	0
15	ConstantBuffer	data	32768
16	int	m_NameIndex	0
16	vector	m_MatrixParams	32768
17	Array	Array	49152
18	int	size	0
18	MatrixParameter	data	32768
19	int	m_NameIndex	0
19	int	m_Index	0
19	int	m_ArraySize	0
19	SInt8	m_Type	0
19	SInt8	m_RowCount	16384
16	vector	m_VectorParams	32768
17	Array	Array	49152
18	int	size	0
18	VectorParameter	data	32768
19	int	m_NameIndex	0
19	int	m_Index	0
19	int	m_ArraySize	0
19	SInt8	m_Type	0
19	SInt8	m_Dim	16384
16	vector	m_StructParams	32768
17	Array	Array	49152
18	int	size	0
18	StructParameter	data	32768
19	int	m_NameIndex	0
19	int	m_Index	0
19	int	m_ArraySize	0
19	int	m_StructSize	0
19	vector	m_VectorMembers	32768
20	Array	Array	49152
21	int	size	0
21	VectorParameter	data	32768
22	int	m_NameIndex	0
22	int	m_Index	0
22	int	m_ArraySize	0
22	SInt8	m_Type	0
22	SInt8	m_Dim	16384
19	vector	m_MatrixMembers	32768
20	Array	Array	49152
21	int	size	0
21	MatrixParameter	data	32768
22	int	m_NameIndex	0
22	int	m_Index	0
22	int	m_ArraySize	0
22	SInt8	m_Type	0
22	SInt8	m_RowCount	16384
16	int	m_Size	0
16	bool	m_IsPartialCB	16384
13	vector	m_ConstantBufferBindings	32768
14	Array	Array	16384
15	int	size	0
15	BufferBinding	data	0
16	int	m_NameIndex	0
16	int	m_Index	0
16	int	m_ArraySize	0
13	vector	m_UAVParams	32768
14	Array	Array	16384
15	int	size	0
15	UAVParameter	data	0
16	int	m_NameIndex	0
16	int	m_Index	0
16	int	m_OriginalIndex	0
13	vector	m_Samplers	32768
14	Array	Array	16384
15	int	size	0
15	SamplerParameter	data	0
16	unsigned int	sampler	0
16	int	bindPoint	0
12	SInt64	m_ShaderRequirements	0
9	vector	m_PlayerSubPrograms	32768
10	Array	Array	49152
11	int	size	0
11	vector	data	32768
12	Array	Array	49152
13	int	size	0
13	SerializedPlayerSubProgram	data	32768
14	unsigned int	m_BlobIndex	0
14	vector	m_KeywordIndices	32768
15	Array	Array	16384
16	int	size	0
16	UInt16	data	0
14	SInt64	m_ShaderRequirements	0
14	SInt8	m_GpuProgramType	16384
9	vector	m_ParameterBlobIndices	32768
10	Array	Array	49152
11	int	size	0
11	vector	data	32768
12	Array	Array	16384
13	int	size	0
13	unsigned int	data	0
9	SerializedProgramParameters	m_CommonParameters	32768
10	vector	m_VectorParams	32768
11	Array	Array	49152
12	int	size	0
12	VectorParameter	data	32768
13	int	m_NameIndex	0
13	int	m_Index	0
13	int	m_ArraySize	0
13	SInt8	m_Type	0
13	SInt8	m_Dim	16384
10	vector	m_MatrixParams	32768
11	Array	Array	49152
12	int	size	0
12	MatrixParameter	data	32768
13	int	m_NameIndex	0
13	int	m_Index	0
13	int	m_ArraySize	0
13	SInt8	m_Type	0
13	SInt8	m_RowCount	16384
10	vector	m_TextureParams	32768
11	Array	Array	49152
12	int	size	0
12	TextureParameter	data	32768
13	int	m_NameIndex	0
13	int	m_Index	0
13	int	m_SamplerIndex	0
13	bool	m_MultiSampled	0
13	SInt8	m_Dim	16384
10	vector	m_BufferParams	32768
11	Array	Array	16384
12	int	size	0
12	BufferBinding	data	0
13	int	m_NameIndex	0
13	int	m_Index	0
13	int	m_ArraySize	0
10	vector	m_ConstantBuffers	32768
11	Array	Array	49152
12	int	size	0
12	ConstantBuffer	data	32768
13	int	m_NameIndex	0
13	vector	m_MatrixParams	32768
14	Array	Array	49152
15	int	size	0
15	MatrixParameter	data	32768
16	int	m_NameIndex	0
16	int	m_Index	0
16	int	m_ArraySize	0
16	SInt8	m_Type	0
16	SInt8	m_RowCount	16384
13	vector	m_VectorParams	32768
14	Array	Array	49152
15	int	size	0
15	VectorParameter	data	32768
16	int	m_NameIndex	0
16	int	m_Index	0
16	int	m_ArraySize	0
16	SInt8	m_Type	0
16	SInt8	m_Dim	16384
13	vector	m_StructParams	32768
14	Array	Array	49152
15	int	size	0
15	StructParameter	data	32768
16	int	m_NameIndex	0
16	int	m_Index	0
16	int	m_ArraySize	0
16	int	m_StructSize	0
16	vector	m_VectorMembers	32768
17	Array	Array	49152
18	int	size	0
18	VectorParameter	data	32768
19	int	m_NameIndex	0
19	int	m_Index	0
19	int	m_ArraySize	0
19	SInt8	m_Type	0
19	SInt8	m_Dim	16384
16	vector	m_MatrixMembers	32768
17	Array	Array	49152
18	int	size	0
18	MatrixParameter	data	32768
19	int	m_NameIndex	0
19	int	m_Index	0
19	int	m_ArraySize	0
19	SInt8	m_Type	0
19	SInt8	m_RowCount	16384
13	int	m_Size	0
13	bool	m_IsPartialCB	16384
10	vector	m_ConstantBufferBindings	32768
11	Array	Array	16384
12	int	size	0
12	BufferBinding	data	0
13	int	m_NameIndex	0
13	int	m_Index	0
13	int	m_ArraySize	0
10	vector	m_UAVParams	32768
11	Array	Array	16384
12	int	size	0
12	UAVParameter	data	0
13	int	m_NameIndex	0
13	int	m_Index	0
13	int	m_OriginalIndex	0
10	vector	m_Samplers	32768
11	Array	Array	16384
12	int	size	0
12	SamplerParameter	data	0
13	unsigned int	sampler	0
13	int	bindPoint	0
9	vector	m_SerializedKeywordStateMask	32768
10	Array	Array	16384
11	int	size	0
11	UInt16	data	0
8	SerializedProgram	progRayTracing	32768
9	vector	m_SubPrograms	32768
10	Array	Array	49152
11	int	size	0
11	SerializedSubProgram	data	32768
12	unsigned int	m_BlobIndex	0
12	ParserBindChannels	m_Channels	32768
13	vector	m_Channels	49152
14	Array	Array	16384
15	int	size	0
15	ShaderBindChannel	data	0
16	SInt8	source	0
16	SInt8	target	0
13	int	m_SourceMap	0
12	vector	m_KeywordIndices	32768
13	Array	Array	16384
14	int	size	0
14	UInt16	data	0
12	SInt8	m_ShaderHardwareTier	0
12	SInt8	m_GpuProgramType	16384
12	SerializedProgramParameters	m_Parameters	32768
13	vector	m_VectorParams	32768
14	Array	Array	49152
15	int	size	0
15	VectorParameter	data	32768
16	int	m_NameIndex	0
16	int	m_Index	0
16	int	m_ArraySize	0
16	SInt8	m_Type	0
16	SInt8	m_Dim	16384
13	vector	m_MatrixParams	32768
14	Array	Array	49152
15	int	size	0
15	MatrixParameter	data	32768
16	int	m_NameIndex	0
16	int	m_Index	0
16	int	m_ArraySize	0
16	SInt8	m_Type	0
16	SInt8	m_RowCount	16384
13	vector	m_TextureParams	32768
14	Array	Array	49152
15	int	size	0
15	TextureParameter	data	32768
16	int	m_NameIndex	0
16	int	m_Index	0
16	int	m_SamplerIndex	0
16	bool	m_MultiSampled	0
16	SInt8	m_Dim	16384
13	vector	m_BufferParams	32768
14	Array	Array	16384
15	int	size	0
15	BufferBinding	data	0
16	int	m_NameIndex	0
16	int	m_Index	0
16	int	m_ArraySize	0
13	vector	m_ConstantBuffers	32768
14	Array	Array	49152
15	int	size	0
15	ConstantBuffer	data	32768
16	int	m_NameIndex	0
16	vector	m_MatrixParams	32768
17	Array	Array	49152
18	int	size	0
18	MatrixParameter	data	32768
19	int	m_NameIndex	0
19	int	m_Index	0
19	int	m_ArraySize	0
19	SInt8	m_Type	0
19	SInt8	m_RowCount	16384
16	vector	m_VectorParams	32768
17	Array	Array	49152
18	int	size	0
18	VectorParameter	data	32768
19	int	m_NameIndex	0
19	int	m_Index	0
19	int	m_ArraySize	0
19	SInt8	m_Type	0
19	SInt8	m_Dim	16384
16	vector	m_StructParams	32768
17	Array	Array	49152
18	int	size	0
18	StructParameter	data	32768
19	int	m_NameIndex	0
19	int	m_Index	0
19	int	m_ArraySize	0
19	int	m_StructSize	0
19	vector	m_VectorMembers	32768
20	Array	Array	49152
21	int	size	0
21	VectorParameter	data	32768
22	int	m_NameIndex	0
22	int	m_Index	0
22	int	m_ArraySize	0
22	SInt8	m_Type	0
22	SInt8	m_Dim	16384
19	vector	m_MatrixMembers	32768
20	Array	Array	49152
21	int	size	0
21	MatrixParameter	data	32768
22	int	m_NameIndex	0
22	int	m_Index	0
22	int	m_ArraySize	0
22	SInt8	m_Type	0
22	SInt8	m_RowCount	16384
16	int	m_Size	0
16	bool	m_IsPartialCB	16384
13	vector	m_ConstantBufferBindings	32768
14	Array	Array	16384
15	int	size	0
15	BufferBinding	data	0
16	int	m_NameIndex	0
16	int	m_Index	0
16	int	m_ArraySize	0
13	vector	m_UAVParams	32768
14	Array	Array	16384
15	int	size	0
15	UAVParameter	data	0
16	int	m_NameIndex	0
16	int	m_Index	0
16	int	m_OriginalIndex	0
13	vector	m_Samplers	32768
14	Array	Array	16384
15	int	size	0
15	SamplerParameter	data	0
16	unsigned int	sampler	0
16	int	bindPoint	0
12	SInt64	m_ShaderRequirements	0
9	vector	m_PlayerSubPrograms	32768
10	Array	Array	49152
11	int	size	0
11	vector	data	32768
12	Array	Array	49152
13	int	size	0
13	SerializedPlayerSubProgram	data	32768
14	unsigned int	m_BlobIndex	0
14	vector	m_KeywordIndices	32768
15	Array	Array	16384
16	int	size	0
16	UInt16	data	0
14	SInt64	m_ShaderRequirements	0
14	SInt8	m_GpuProgramType	16384
9	vector	m_ParameterBlobIndices	32768
10	Array	Array	49152
11	int	size	0
11	vector	data	32768
12	Array	Array	16384
13	int	size	0
13	unsigned int	data	0
9	SerializedProgramParameters	m_CommonParameters	32768
10	vector	m_VectorParams	32768
11	Array	Array	49152
12	int	size	0
12	VectorParameter	data	32768
13	int	m_NameIndex	0
13	int	m_Index	0
13	int	m_ArraySize	0
13	SInt8	m_Type	0
13	SInt8	m_Dim	16384
10	vector	m_MatrixParams	32768
11	Array	Array	49152
12	int	size	0
12	MatrixParameter	data	32768
13	int	m_NameIndex	0
13	int	m_Index	0
13	int	m_ArraySize	0
13	SInt8	m_Type	0
13	SInt8	m_RowCount	16384
10	vector	m_TextureParams	32768
11	Array	Array	49152
12	int	size	0
12	TextureParameter	data	32768
13	int	m_NameIndex	0
13	int	m_Index	0
13	int	m_SamplerIndex	0
13	bool	m_MultiSampled	0
13	SInt8	m_Dim	16384
10	vector	m_BufferParams	32768
11	Array	Array	16384
12	int	size	0
12	BufferBinding	data	0
13	int	m_NameIndex	0
13	int	m_Index	0
13	int	m_ArraySize	0
10	vector	m_ConstantBuffers	32768
11	Array	Array	49152
12	int	size	0
12	ConstantBuffer	data	32768
13	int	m_NameIndex	0
13	vector	m_MatrixParams	32768
14	Array	Array	49152
15	int	size	0
15	MatrixParameter	data	32768
16	int	m_NameIndex	0
16	int	m_Index	0
16	int	m_ArraySize	0
16	SInt8	m_Type	0
16	SInt8	m_RowCount	16384
13	vector	m_VectorParams	32768
14	Array	Array	49152
15	int	size	0
15	VectorParameter	data	32768
16	int	m_NameIndex	0
16	int	m_Index	0
16	int	m_ArraySize	0
16	SInt8	m_Type	0
16	SInt8	m_Dim	16384
13	vector	m_StructParams	32768
14	Array	Array	49152
15	int	size	0
15	StructParameter	data	32768
16	int	m_NameIndex	0
16	int	m_Index	0
16	int	m_ArraySize	0
16	int	m_StructSize	0
16	vector	m_VectorMembers	32768
17	Array	Array	49152
18	int	size	0
18	VectorParameter	data	32768
19	int	m_NameIndex	0
19	int	m_Index	0
19	int	m_ArraySize	0
19	SInt8	m_Type	0
19	SInt8	m_Dim	16384
16	vector	m_MatrixMembers	32768
17	Array	Array	49152
18	int	size	0
18	MatrixParameter	data	32768
19	int	m_NameIndex	0
19	int	m_Index	0
19	int	m_ArraySize	0
19	SInt8	m_Type	0
19	SInt8	m_RowCount	16384
13	int	m_Size	0
13	bool	m_IsPartialCB	16384
10	vector	m_ConstantBufferBindings	32768
11	Array	Array	16384
12	int	size	0
12	BufferBinding	data	0
13	int	m_NameIndex	0
13	int	m_Index	0
13	int	m_ArraySize	0
10	vector	m_UAVParams	32768
11	Array	Array	16384
12	int	size	0
12	UAVParameter	data	0
13	int	m_NameIndex	0
13	int	m_Index	0
13	int	m_OriginalIndex	0
10	vector	m_Samplers	32768
11	Array	Array	16384
12	int	size	0
12	SamplerParameter	data	0
13	unsigned int	sampler	0
13	int	bindPoint	0
9	vector	m_SerializedKeywordStateMask	32768
10	Array	Array	16384
11	int	size	0
11	UInt16	data	0
8	bool	m_HasInstancingVariant	0
8	bool	m_HasProceduralInstancingVariant	16384
8	string	m_UseName	32768
9	Array	Array	16385
10	int	size	1
10	char	data	1
8	string	m_Name	32768
9	Array	Array	16385
10	int	size	1
10	char	data	1
8	string	m_TextureName	32768
9	Array	Array	16385
10	int	size	1
10	char	data	1
8	SerializedTagMap	m_Tags	32768
9	map	tags	32768
10	Array	Array	32768
11	int	size	0
11	pair	data	32768
12	string	first	32768
13	Array	Array	16385
14	int	size	1
14	char	data	1
12	string	second	32768
13	Array	Array	16385
14	int	size	1
14	char	data	1
5	SerializedTagMap	m_Tags	32768
6	map	tags	32768
7	Array	Array	32768
8	int	size	0
8	pair	data	32768
9	string	first	32768
10	Array	Array	16385
11	int	size	1
11	char	data	1
9	string	second	32768
10	Array	Array	16385
11	int	size	1
11	char	data	1
5	int	m_LOD	0
2	vector	m_KeywordNames	32768
3	Array	Array	49152
4	int	size	0
4	string	data	32768
5	Array	Array	16385
6	int	size	1
6	char	data	1
2	vector	m_KeywordFlags	32768
3	Array	Array	16384
4	int	size	0
4	UInt8	data	0
2	string	m_Name	32768
3	Array	Array	16385
4	int	size	1
4	char	data	1
2	string	m_CustomEditorName	32768
3	Array	Array	16385
4	int	size	1
4	char	data	1
2	string	m_FallbackName	32768
3	Array	Array	16385
4	int	size	1
4	char	data	1
2	vector	m_Dependencies	32768
3	Array	Array	49152
4	int	size	0
4	SerializedShaderDependency	data	32768
5	string	from	32768
6	Array	Array	16385
7	int	size	1
7	char	data	1
5	string	to	32768
6	Array	Array	16385
7	int	size	1
7	char	data	1
2	vector	m_CustomEditorForRenderPipelines	32768
3	Array	Array	49152
4	int	size	0
4	SerializedCustomEditorForRenderPipeline	data	32768
5	string	customEditorName	32768
6	Array	Array	16385
7	int	size	1
7	char	data	1
5	string	renderPipelineType	32768
6	Array	Array	16385
7	int	size	1
7	char	data	1
2	bool	m_DisableNoSubshadersMessage	16384
1	vector	platforms	32768
2	Array	Array	16384
3	int	size	0
3	unsigned int	data	0
1	vector	offsets	32768
2	Array	Array	49152
3	int	size	0
3	vector	data	32768
4	Array	Array	16384
5	int	size	0
5	unsigned int	data	0
1	vector	compressedLengths	32768
2	Array	Array	49152
3	int	size	0
3	vector	data	32768
4	Array	Array	16384
5	int	size	0
5	unsigned int	data	0
1	vector	decompressedLengths	32768
2	Array	Array	49152
3	int	size	0
3	vector	data	32768
4	Array	Array	16384
5	int	size	0
5	unsigned int	data	0
1	vector	compressedBlob	32768
2	Array	Array	16384
3	int	size	0
3	UInt8	data	0
1	vector	stageCounts	32768
2	Array	Array	16384
3	int	size	0
3	unsigned int	data	0
1	vector	m_Dependencies	32768
2	Array	Array	16384
3	int	size	0
3	PPtr<Shader>	data	0
4	int	m_FileID	8388609
4	SInt64	m_PathID	8388609
1	map	m_NonModifiableTextures	32768
2	Array	Array	32768
3	int	size	0
3	pair	data	32768
4	string	first	32768
5	Array	Array	16385
6	int	size	1
6	char	data	1
4	PPtr<Texture>	second	0
5	int	m_FileID	8388609
5	SInt64	m_PathID	8388609
1	bool	m_ShaderIsBaked	16384
1	GUID	m_AssetGUID	0
2	unsigned int	data[0]	0
2	unsigned int	data[1]	0
2	unsigned int	data[2]	0
2	unsigned int	data[3]	0
class	6000.0.51f1	72	ComputeShader
0	ComputeShader	Base	32768
1	string	m_Name	557057
2	Array	Array	540673
3	int	size	524289
3	char	data	524289
1	vector	variants	32768
2	Array	Array	49152
3	int	size	0
3	ComputeShaderPlatformVariant	data	32768
4	int	targetRenderer	0
4	int	targetLevel	0
4	vector	kernels	32768
5	Array	Array	49152
6	int	size	0
6	ComputeShaderKernelParent	data	32768
7	string	name	32768
8	Array	Array	16385
9	int	size	1
9	char	data	1
7	vector	uniqueVariants	32768
8	Array	Array	49152
9	int	size	0
9	ComputeShaderKernel	data	32768
10	vector	cbVariantIndices	32768
11	Array	Array	16384
12	int	size	0
12	unsigned int	data	0
10	vector	cbs	32768
11	Array	Array	49152
12	int	size	0
12	ComputeShaderResource	data	32768
13	string	name	32768
14	Array	Array	16385
15	int	size	1
15	char	data	1
13	string	generatedName	32768
14	Array	Array	16385
15	int	size	1
15	char	data	1
13	int	bindPoint	0
13	int	samplerBindPoint	0
13	int	texDimension	0
10	vector	textures	32768
11	Array	Array	49152
12	int	size	0
12	ComputeShaderResource	data	32768
13	string	name	32768
14	Array	Array	16385
15	int	size	1
15	char	data	1
13	string	generatedName	32768
14	Array	Array	16385
15	int	size	1
15	char	data	1
13	int	bindPoint	0
13	int	samplerBindPoint	0
13	int	texDimension	0
10	vector	builtinSamplers	32768
11	Array	Array	16384
12	int	size	0
12	ComputeShaderBuiltinSampler	data	0
13	unsigned int	sampler	0
13	int	bindPoint	0
10	vector	inBuffers	32768
11	Array	Array	49152
12	int	size	0
12	ComputeShaderResource	data	32768
13	string	name	32768
14	Array	Array	16385
15	int	size	1
15	char	data	1
13	string	generatedName	32768
14	Array	Array	16385
15	int	size	1
15	char	data	1
13	int	bindPoint	0
13	int	samplerBindPoint	0
13	int	texDimension	0
10	vector	outBuffers	32768
11	Array	Array	49152
12	int	size	0
12	ComputeShaderResource	data	32768
13	string	name	32768
14	Array	Array	16385
15	int	size	1
15	char	data	1
13	string	generatedName	32768
14	Array	Array	16385
15	int	size	1
15	char	data	1
13	int	bindPoint	0
13	int	samplerBindPoint	0
13	int	texDimension	0
10	vector	code	32769
11	Array	Array	16385
12	int	size	1
12	UInt8	data	1
10	staticvector	threadGroupSize	0
11	Array	Array	0
12	int	size	0
12	unsigned int	data	0
10	SInt64	requirements	0
7	vector	variantIndices	32768
8	Array	Array	49152
9	int	size	0
9	pair	data	32768
10	string	first	32768
11	Array	Array	16385
12	int	size	1
12	char	data	1
10	unsigned int	second	0
7	vector	globalKeywords	32768
8	Array	Array	49152
9	int	size	0
9	string	data	32768
10	Array	Array	16385
11	int	size	1
11	char	data	1
7	vector	localKeywords	32768
8	Array	Array	49152
9	int	size	0
9	string	data	32768
10	Array	Array	16385
11	int	size	1
11	char	data	1
7	vector	dynamicKeywords	32768
8	Array	Array	49152
9	int	size	0
9	string	data	32768
10	Array	Array	16385
11	int	size	1
11	char	data	1
4	vector	constantBuffers	32768
5	Array	Array	49152
6	int	size	0
6	ComputeShaderCB	data	32768
7	string	name	32768
8	Array	Array	16385
9	int	size	1
9	char	data	1
7	int	byteSize	0
7	vector	params	32768
8	Array	Array	49152
9	int	size	0
9	ComputeShaderParam	data	32768
10	string	name	32768
11	Array	Array	16385
12	int	size	1
12	char	data	1
10	int	type	0
10	unsigned int	offset	0
10	unsigned int	arraySize	0
10	unsigned int	rowCount	0
10	unsigned int	colCount	0
4	bool	resourcesResolved	16384
class	6000.0.51f1	114	MonoBehaviour
0	MonoBehaviour	Base	32768
1	PPtr<GameObject>	m_GameObject	65
2	int	m_FileID	65
2	SInt64	m_PathID	65
1	UInt8	m_Enabled	16641
1	PPtr<MonoScript>	m_Script	0
2	int	m_FileID	8388609
2	SInt64	m_PathID	8388609
1	string	m_Name	557057
2	Array	Array	540673
3	int	size	524289
3	char	data	524289
class	6000.0.51f1	115	MonoScript
0	MonoScript	Base	32768
1	string	m_Name	557057
2	Array	Array	540673
3	int	size	524289
3	char	data	524289
1	int	m_ExecutionOrder	16
1	Hash128	m_PropertiesHash	16
2	UInt8	bytes[0]	16
2	UInt8	bytes[1]	16
2	UInt8	bytes[2]	16
2	UInt8	bytes[3]	16
2	UInt8	bytes[4]	16
2	UInt8	bytes[5]	16
2	UInt8	bytes[6]	16
2	UInt8	bytes[7]	16
2	UInt8	bytes[8]	16
2	UInt8	bytes[9]	16
2	UInt8	bytes[10]	16
2	UInt8	bytes[11]	16
2	UInt8	bytes[12]	16
2	UInt8	bytes[13]	16
2	UInt8	bytes[14]	16
2	UInt8	bytes[15]	16
1	string	m_ClassName	32784
2	Array	Array	16401
3	int	size	17
3	char	data	17
1	string	m_Namespace	32784
2	Array	Array	16401
3	int	size	17
3	char	data	17
1	string	m_AssemblyName	32784
2	Array	Array	16401
3	int	size	17
3	char	data	17
class	6000.0.51f1	128	Font
0	Font	Base	32768
1	string	m_Name	557057
2	Array	Array	540673
3	int	size	524289
3	char	data	524289
1	float	m_LineSpacing	0
1	PPtr<Material>	m_DefaultMaterial	0
2	int	m_FileID	8388609
2	SInt64	m_PathID	8388609
1	float	m_FontSize	1
1	PPtr<Texture>	m_Texture	16385
2	int	m_FileID	8388609
2	SInt64	m_PathID	8388609
1	int	m_AsciiStartOffset	0
1	float	m_Tracking	0
1	int	m_CharacterSpacing	0
1	int	m_CharacterPadding	0
1	int	m_ConvertCase	0
1	vector	m_CharacterRects	32768
2	Array	Array	49152
3	int	size	0
3	CharacterInfo	data	32768
4	unsigned int	index	0
4	Rectf	uv	0
5	float	x	0
5	float	y	0
5	float	width	0
5	float	height	0
4	Rectf	vert	0
5	float	x	0
5	float	y	0
5	float	width	0
5	float	height	0
4	float	advance	0
4	bool	flipped	16384
1	map	m_KerningValues	1
2	Array	Array	1
3	int	size	1
3	pair	data	1
4	pair	first	1
5	UInt16	first	1
5	UInt16	second	1
4	float	second	1
1	float	m_PixelScale	16385
1	vector	m_FontData	49153
2	Array	Array	16385
3	int	size	1
3	char	data	1
1	float	m_Ascent	1
1	float	m_Descent	1
1	unsigned int	m_DefaultStyle	1
1	vector	m_FontNames	32769
2	Array	Array	49153
3	int	size	1
3	string	data	32769
4	Array	Array	16385
5	int	size	1
5	char	data	1
1	vector	m_FallbackFonts	49153
2	Array	Array	16385
3	int	size	1
3	PPtr<Font>	data	1
4	int	m_FileID	8388609
4	SInt64	m_PathID	8388609
1	int	m_FontRenderingMode	0
1	bool	m_UseLegacyBoundsCalculation	1
1	bool	m_ShouldRoundAdvanceValue	1
class	6000.0.61f1	1	GameObject
0	GameObject	Base	32768
1	vector	m_Component	268468289
2	Array	Array	268451905
3	int	size	268435521
3	ComponentPair	data	268435521
4	PPtr<Component>	component	268435521
5	int	m_FileID	268435521
5	SInt64	m_PathID	268435521
1	unsigned int	m_Layer	0
1	string	m_Name	32768
2	Array	Array	16385
3	int	size	1
3	char	data	1
1	UInt16	m_Tag	0
1	bool	m_IsActive	0
class	6000.0.61f1	4	Transform
0	Transform	Base	32768
1	PPtr<GameObject>	m_GameObject	65
2	int	m_FileID	65
2	SInt64	m_PathID	65
1	Quaternionf	m_LocalRotation	2097152
2	float	x	2097152
2	float	y	2097152
2	float	z	2097152
2	float	w	2097152
1	Vector3f	m_LocalPosition	2097152
2	float	x	2097152
2	float	y	2097152
2	float	z	2097152
1	Vector3f	m_LocalScale	2113536
2	float	x	2097152
2	float	y	2097152
2	float	z	2097152
1	vector	m_Children	32833
2	Array	Array	16449
3	int	size	65
3	PPtr<Transform>	data	65
4	int	m_FileID	65
4	SInt64	m_PathID	65
1	PPtr<Transform>	m_Father	1
2	int	m_FileID	1
2	SInt64	m_PathID	1
class	6000.0.61f1	5	TimeManager
0	TimeManager	Base	0
1	RationalTime	Fixed Timestep	0
2	SInt64	m_Count	0
2	TicksPerSecond	m_Rate	0
3	unsigned int	m_Denominator	0
3	unsigned int	m_Numerator	0
1	float	Maximum Allowed Timestep	0
1	float	m_TimeScale	0
1	float	Maximum Particle Timestep	0
class	6000.0.61f1	11	AudioManager
0	AudioManager	Base	32768
1	float	m_Volume	0
1	float	Rolloff Scale	0
1	float	Doppler Factor	0
1	int	Default Speaker Mode	0
1	int	m_SampleRate	0
1	int	m_DSPBufferSize	0
1	int	m_VirtualVoiceCount	0
1	int	m_RealVoiceCount	16384
1	string	m_SpatializerPlugin	32768
2	Array	Array	16385
3	int	size	1
3	char	data	1
1	string	m_AmbisonicDecoderPlugin	32768
2	Array	Array	16385
3	int	size	1
3	char	data	1
1	bool	m_DisableAudio	0
1	bool	m_VirtualizeEffects	16384
1	int	m_RequestedDSPBufferSize	0
class	6000.0.61f1	13	InputManager
0	InputManager	Base	32768
1	vector	m_Axes	32768
2	Array	Array	49152
3	int	size	0
3	InputAxis	data	32768
4	string	m_Name	32768
5	Array	Array	16385
6	int	size	1
6	char	data	1
4	string	descriptiveName	32768
5	Array	Array	16385
6	int	size	1
6	char	data	1
4	string	descriptiveNegativeName	32768
5	Array	Array	16385
6	int	size	1
6	char	data	1
4	string	negativeButton	32768
5	Array	Array	16385
6	int	size	1
6	char	data	1
4	string	positiveButton	32768
5	Array	Array	16385
6	int	size	1
6	char	data	1
4	string	altNegativeButton	32768
5	Array	Array	16385
6	int	size	1
6	char	data	1
4	string	altPositiveButton	32768
5	Array	Array	16385
6	int	size	1
6	char	data	1
4	float	gravity	0
4	float	dead	0
4	float	sensitivity	0
4	bool	snap	0
4	bool	invert	16384
4	int	type	0
4	int	axis	0
4	int	joyNum	0
1	bool	m_UsePhysicalKeys	16384
class	6000.0.61f1	19	Physics2DSettings
0	Physics2DSettings	Base	32768
1	Vector2f	m_Gravity	2097152
2	float	x	2097152
2	float	y	2097152
1	PPtr<PhysicsMaterial2D>	m_DefaultMaterial	0
2	int	m_FileID	8388609
2	SInt64	m_PathID	8388609
1	int	m_VelocityIterations	0
1	int	m_PositionIterations	0
1	float	m_BounceThreshold	0
1	float	m_MaxLinearCorrection	0
1	float	m_MaxAngularCorrection	0
1	float	m_MaxTranslationSpeed	0
1	float	m_MaxRotationSpeed	0
1	float	m_BaumgarteScale	0
1	float	m_BaumgarteTimeOfImpactScale	0
1	float	m_TimeToSleep	0
1	float	m_LinearSleepTolerance	0
1	float	m_AngularSleepTolerance	0
1	float	m_DefaultContactOffset	0
1	float	m_ContactThreshold	0
1	PhysicsJobOptions2D	m_JobOptions	8437760
2	bool	useMultithreading	8388608
2	bool	useConsistencySorting	8404992
2	int	m_InterpolationPosesPerJob	8388608
2	int	m_NewContactsPerJob	8388608
2	int	m_CollideContactsPerJob	8388608
2	int	m_ClearFlagsPerJob	8388608
2	int	m_ClearBodyForcesPerJob	8388608
2	int	m_SyncDiscreteFixturesPerJob	8388608
2	int	m_SyncContinuousFixturesPerJob	8388608
2	int	m_FindNearestContactsPerJob	8388608
2	int	m_UpdateTriggerContactsPerJob	8388608
2	int	m_IslandSolverCostThreshold	8388608
2	int	m_IslandSolverBodyCostScale	8388608
2	int	m_IslandSolverContactCostScale	8388608
2	int	m_IslandSolverJointCostScale	8388608
2	int	m_IslandSolverBodiesPerJob	8388608
2	int	m_IslandSolverContactsPerJob	8388608
1	int	m_SimulationMode	0
1	BitField	m_SimulationLayers	8388608
2	unsigned int	m_Bits	12582913
1	int	m_MaxSubStepCount	8388608
1	float	m_MinSubStepFPS	8388608
1	bool	m_UseSubStepping	8388608
1	bool	m_UseSubStepContacts	8388608
1	bool	m_QueriesHitTriggers	0
1	bool	m_QueriesStartInColliders	0
1	bool	m_CallbacksOnDisable	0
1	bool	m_ReuseCollisionCallbacks	0
1	bool	m_AutoSyncTransforms	16384
1	vector	m_LayerCollisionMatrix	32769
2	Array	Array	16385
3	int	size	1
3	unsigned int	data	1
class	6000.0.61f1	20	Camera
0	Camera	Base	32768
1	PPtr<GameObject>	m_GameObject	65
2	int	m_FileID	65
2	SInt64	m_PathID	65
1	UInt8	m_Enabled	16641
1	unsigned int	m_ClearFlags	0
1	ColorRGBA	m_BackGroundColor	2097152
2	float	r	2097153
2	float	g	2097153
2	float	b	2097153
2	float	a	2097153
1	int	m_projectionMatrixMode	0
1	int	m_GateFitMode	16384
1	int	m_Iso	0
1	float	m_ShutterSpeed	0
1	float	m_Aperture	0
1	float	m_FocusDistance	0
1	float	m_FocalLength	8388608
1	int	m_BladeCount	0
1	Vector2f	m_Curvature	2097152
2	float	x	2097152
2	float	y	2097152
1	float	m_BarrelClipping	0
1	float	m_Anamorphism	0
1	Vector2f	m_SensorSize	2097152
2	float	x	2097152
2	float	y	2097152
1	Vector2f	m_LensShift	2097152
2	float	x	2097152
2	float	y	2097152
1	Rectf	m_NormalizedViewPortRect	0
2	float	x	0
2	float	y	0
2	float	width	0
2	float	height	0
1	float	near clip plane	0
1	float	far clip plane	0
1	float	field of view	8388608
1	bool	orthographic	16384
1	float	orthographic size	0
1	float	m_Depth	0
1	BitField	m_CullingMask	0
2	unsigned int	m_Bits	4194305
1	int	m_RenderingPath	8388608
1	PPtr<RenderTexture>	m_TargetTexture	0
2	int	m_FileID	8388609
2	SInt64	m_PathID	8388609
1	int	m_TargetDisplay	8388608
1	int	m_TargetEye	0
1	bool	m_HDR	0
1	bool	m_AllowMSAA	0
1	bool	m_AllowDynamicResolution	8388608
1	bool	m_ForceIntoRT	0
1	bool	m_OcclusionCulling	16384
1	float	m_StereoConvergence	0
1	float	m_StereoSeparation	0
class	6000.0.61f1	21	Material
0	Material	Base	32768
1	string	m_Name	557057
2	Array	Array	540673
3	int	size	524289
3	char	data	524289
1	PPtr<Shader>	m_Shader	0
2	int	m_FileID	8388609
2	SInt64	m_PathID	8388609
1	vector	m_ValidKeywords	32768
2	Array	Array	49152
3	int	size	0
3	string	data	32768
4	Array	Array	16385
5	int	size	1
5	char	data	1
1	vector	m_InvalidKeywords	32768
2	Array	Array	49152
3	int	size	0
3	string	data	32768
4	Array	Array	16385
5	int	size	1
5	char	data	1
1	unsigned int	m_LightmapFlags	0
1	bool	m_EnableInstancingVariants	0
1	bool	m_DoubleSidedGI	16384
1	int	m_CustomRenderQueue	0
1	map	stringTagMap	32768
2	Array	Array	32768
3	int	size	0
3	pair	data	32768
4	string	first	32768
5	Array	Array	16385
6	int	size	1
6	char	data	1
4	string	second	32768
5	Array	Array	16385
6	int	size	1
6	char	data	1
1	vector	disabledShaderPasses	32768
2	Array	Array	49152
3	int	size	0
3	string	data	32768
4	Array	Array	16385
5	int	size	1
5	char	data	1
1	UnityPropertySheet	m_SavedProperties	32768
2	map	m_TexEnvs	32768
3	Array	Array	32768
4	int	size	0
4	pair	data	32768
5	string	first	32768
6	Array	Array	16385
7	int	size	1
7	char	data	1
5	UnityTexEnv	second	0
6	PPtr<Texture>	m_Texture	0
7	int	m_FileID	8388609
7	SInt64	m_PathID	8388609
6	Vector2f	m_Scale	2097152
7	float	x	2097152
7	float	y	2097152
6	Vector2f	m_Offset	2097152
7	float	x	2097152
7	float	y	2097152
2	map	m_Ints	32768
3	Array	Array	32768
4	int	size	0
4	pair	data	32768
5	string	first	32768
6	Array	Array	16385
7	int	size	1
7	char	data	1
5	int	second	0
2	map	m_Floats	32768
3	Array	Array	32768
4	int	size	0
4	pair	data	32768
5	string	first	32768
6	Array	Array	16385
7	int	size	1
7	char	data	1
5	float	second	0
2	map	m_Colors	32768
3	Array	Array	32768
4	int	size	0
4	pair	data	32768
5	string	first	32768
6	Array	Array	16385
7	int	size	1
7	char	data	1
5	ColorRGBA	second	2097152
6	float	r	2097153
6	float	g	2097153
6	float	b	2097153
6	float	a	2097153
1	vector	m_BuildTextureStacks	32768
2	Array	Array	49152
3	int	size	0
3	BuildTextureStackReference	data	32768
4	string	groupName	32768
5	Array	Array	16385
6	int	size	1
6	char	data	1
4	string	itemName	32768
5	Array	Array	16385
6	int	size	1
6	char	data	1
class	6000.0.61f1	23	MeshRenderer
0	MeshRenderer	Base	32768
1	PPtr<GameObject>	m_GameObject	65
2	int	m_FileID	65
2	SInt64	m_PathID	65
1	bool	m_Enabled	1
1	UInt8	m_CastShadows	0
1	UInt8	m_ReceiveShadows	256
1	UInt8	m_DynamicOccludee	256
1	UInt8	m_StaticShadowCaster	8388864
1	UInt8	m_MotionVectors	0
1	UInt8	m_LightProbeUsage	0
1	UInt8	m_ReflectionProbeUsage	0
1	UInt8	m_RayTracingMode	0
1	UInt8	m_RayTraceProcedural	256
1	UInt8	m_RayTracingAccelStructBuildFlagsOverride	8388864
1	UInt8	m_RayTracingAccelStructBuildFlags	8388608
1	UInt8	m_SmallMeshCulling	16640
1	unsigned int	m_RenderingLayerMask	0
1	int	m_RendererPriority	0
1	UInt16	m_LightmapIndex	8388609
1	UInt16	m_LightmapIndexDynamic	8388609
1	Vector4f	m_LightmapTilingOffset	10485761
2	float	x	10485761
2	float	y	10485761
2	float	z	10485761
2	float	w	10485761
1	Vector4f	m_LightmapTilingOffsetDynamic	10485761
2	float	x	10485761
2	float	y	10485761
2	float	z	10485761
2	float	w	10485761
1	vector	m_Materials	32800
2	Array	Array	16416
3	int	size	32
3	PPtr<Material>	data	32
4	int	m_FileID	8388641
4	SInt64	m_PathID	8388641
1	StaticBatchInfo	m_StaticBatchInfo	1
2	UInt16	firstSubMesh	1
2	UInt16	subMeshCount	1
1	PPtr<Transform>	m_StaticBatchRoot	1
2	int	m_FileID	8388609
2	SInt64	m_PathID	8388609
1	PPtr<Transform>	m_ProbeAnchor	0
2	int	m_FileID	8388609
2	SInt64	m_PathID	8388609
1	PPtr<GameObject>	m_LightProbeVolumeOverride	16384
2	int	m_FileID	8388609
2	SInt64	m_PathID	8388609
1	int	m_SortingLayerID	8388609
1	SInt16	m_SortingLayer	1
1	SInt16	m_SortingOrder	16385
1	PPtr<Mesh>	m_AdditionalVertexStreams	1
2	int	m_FileID	8388609
2	SInt64	m_PathID	8388609
1	PPtr<Mesh>	m_EnlightenVertexStream	1
2	int	m_FileID	8388609
2	SInt64	m_PathID	8388609
class	6000.0.61f1	28	Texture2D
0	Texture2D	Base	32768
1	string	m_Name	557057
2	Array	Array	540673
3	int	size	524289
3	char	data	524289
1	bool	m_IsAlphaChannelOptional	16384
1	int	m_Width	16
1	int	m_Height	16
1	unsigned int	m_CompleteImageSize	16
1	int	m_MipsStripped	16
1	int	m_TextureFormat	1
1	int	m_MipCount	16
1	bool	m_IsReadable	0
1	bool	m_IsPreProcessed	1
1	bool	m_IgnoreMipmapLimit	16384
1	string	m_MipmapLimitGroupName	32768
2	Array	Array	16385
3	int	size	1
3	char	data	1
1	bool	m_StreamingMipmaps	16384
1	int	m_StreamingMipmapsPriority	16384
1	int	m_ImageCount	16
1	int	m_TextureDimension	1
1	GLTextureSettings	m_TextureSettings	0
2	int	m_FilterMode	0
2	int	m_Aniso	0
2	float	m_MipBias	0
2	int	m_WrapU	0
2	int	m_WrapV	0
2	int	m_WrapW	0
1	int	m_LightmapFormat	0
1	int	m_ColorSpace	0
1	vector	m_PlatformBlob	32768
2	Array	Array	16384
3	int	size	0
3	UInt8	data	0
1	TypelessData	image data	16385
2	int	size	1
2	UInt8	data	1
1	StreamingInfo	m_StreamData	32768
2	UInt64	offset	0
2	unsigned int	size	0
2	string	path	32768
3	Array	Array	16385
4	int	size	1
4	char	data	1
class	6000.0.61f1	30	GraphicsSettings
0	GraphicsSettings	Base	32768
1	BuiltinShaderSettings	m_Deferred	0
2	int	m_Mode	0
2	PPtr<Shader>	m_Shader	0
3	int	m_FileID	8388609
3	SInt64	m_PathID	8388609
1	BuiltinShaderSettings	m_DeferredReflections	0
2	int	m_Mode	0
2	PPtr<Shader>	m_Shader	0
3	int	m_FileID	8388609
3	SInt64	m_PathID	8388609
1	BuiltinShaderSettings	m_ScreenSpaceShadows	0
2	int	m_Mode	0
2	PPtr<Shader>	m_Shader	0
3	int	m_FileID	8388609
3	SInt64	m_PathID	8388609
1	BuiltinShaderSettings	m_DepthNormals	0
2	int	m_Mode	0
2	PPtr<Shader>	m_Shader	0
3	int	m_FileID	8388609
3	SInt64	m_PathID	8388609
1	BuiltinShaderSettings	m_MotionVectors	0
2	int	m_Mode	0
2	PPtr<Shader>	m_Shader	0
3	int	m_FileID	8388609
3	SInt64	m_PathID	8388609
1	BuiltinShaderSettings	m_LightHalo	0
2	int	m_Mode	0
2	PPtr<Shader>	m_Shader	0
3	int	m_FileID	8388609
3	SInt64	m_PathID	8388609
1	BuiltinShaderSettings	m_LensFlare	0
2	int	m_Mode	0
2	PPtr<Shader>	m_Shader	0
3	int	m_FileID	8388609
3	SInt64	m_PathID	8388609
1	int	m_VideoShadersIncludeMode	0
1	vector	m_AlwaysIncludedShaders	32768
2	Array	Array	16384
3	int	size	0
3	PPtr<Shader>	data	0
4	int	m_FileID	8388609
4	SInt64	m_PathID	8388609
1	vector	m_PreloadedShaders	32768
2	Array	Array	16384
3	int	size	0
3	PPtr<ShaderVariantCollection>	data	0
4	int	m_FileID	8388609
4	SInt64	m_PathID	8388609
1	int	m_PreloadShadersBatchTimeLimit	0
1	PPtr<Material>	m_SpritesDefaultMaterial	0
2	int	m_FileID	8388609
2	SInt64	m_PathID	8388609
1	PPtr<MonoBehaviour>	m_CustomRenderPipeline	0
2	int	m_FileID	8388609
2	SInt64	m_PathID	8388609
1	int	m_TransparencySortMode	0
1	Vector3f	m_TransparencySortAxis	2097152
2	float	x	2097152
2	float	y	2097152
2	float	z	2097152
1	TierGraphicsSettings	m_TierSettings_Tier1	32768
2	int	renderingPath	0
2	int	hdrMode	0
2	int	realtimeGICPUUsage	0
2	bool	useCascadedShadowMaps	0
2	bool	prefer32BitShadowMaps	0
2	bool	enableLPPV	0
2	bool	useHDR	16384
1	TierGraphicsSettings	m_TierSettings_Tier2	32768
2	int	renderingPath	0
2	int	hdrMode	0
2	int	realtimeGICPUUsage	0
2	bool	useCascadedShadowMaps	0
2	bool	prefer32BitShadowMaps	0
2	bool	enableLPPV	0
2	bool	useHDR	16384
1	TierGraphicsSettings	m_TierSettings_Tier3	32768
2	int	renderingPath	0
2	int	hdrMode	0
2	int	realtimeGICPUUsage	0
2	bool	useCascadedShadowMaps	0
2	bool	prefer32BitShadowMaps	0
2	bool	enableLPPV	0
2	bool	useHDR	16384
1	vector	m_ShaderDefinesPerShaderCompiler	32768
2	Array	Array	49152
3	int	size	0
3	PlatformShaderDefines	data	32768
4	int	shaderPlatform	0
4	fixed_bitset	defines_Tier1	32768
5	Array	Array	16384
6	int	size	0
6	unsigned int	data	0
4	fixed_bitset	defines_Tier2	32768
5	Array	Array	16384
6	int	size	0
6	unsigned int	data	0
4	fixed_bitset	defines_Tier3	49152
5	Array	Array	16384
6	int	size	0
6	unsigned int	data	0
1	bool	m_LightsUseLinearIntensity	0
1	bool	m_LightsUseColorTemperature	16384
1	bool	m_LogWhenShaderIsCompiled	16384
1	PPtr<Object>	m_CurrentRenderPipelineGlobalSettings	0
2	int	m_FileID	8388609
2	SInt64	m_PathID	8388609
1	int	m_LightProbeOutsideHullStrategy	0
1	bool	m_CameraRelativeLightCulling	0
1	bool	m_CameraRelativeShadowCulling	0
class	6000.0.61f1	33	MeshFilter
0	MeshFilter	Base	0
1	PPtr<GameObject>	m_GameObject	65
2	int	m_FileID	65
2	SInt64	m_PathID	65
1	PPtr<Mesh>	m_Mesh	0
2	int	m_FileID	8388609
2	SInt64	m_PathID	8388609
class	6000.0.61f1	43	Mesh
0	Mesh	Base	32768
1	string	m_Name	557057
2	Array	Array	540673
3	int	size	524289
3	char	data	524289
1	vector	m_SubMeshes	32769
2	Array	Array	16385
3	int	size	1
3	SubMesh	data	1
4	unsigned int	firstByte	1
4	unsigned int	indexCount	1
4	int	topology	1
4	unsigned int	baseVertex	1
4	unsigned int	firstVertex	1
4	unsigned int	vertexCount	1
4	AABB	localAABB	1
5	Vector3f	m_Center	2097153
6	float	x	2097153
6	float	y	2097153
6	float	z	2097153
5	Vector3f	m_Extent	2097153
6	float	x	2097153
6	float	y	2097153
6	float	z	2097153
1	BlendShapeData	m_Shapes	32769
2	vector	vertices	32769
3	Array	Array	16385
4	int	size	1
4	BlendShapeVertex	data	1
5	Vector3f	vertex	2097153
6	float	x	2097153
6	float	y	2097153
6	float	z	2097153
5	Vector3f	normal	2097153
6	float	x	2097153
6	float	y	2097153
6	float	z	2097153
5	Vector3f	tangent	2097153
6	float	x	2097153
6	float	y	2097153
6	float	z	2097153
5	unsigned int	index	1
2	vector	shapes	32769
3	Array	Array	49153
4	int	size	1
4	MeshBlendShape	data	32769
5	unsigned int	firstVertex	1
5	unsigned int	vertexCount	1
5	bool	hasNormals	1
5	bool	hasTangents	16385
2	vector	channels	32769
3	Array	Array	49153
4	int	size	1
4	MeshBlendShapeChannel	data	32769
5	string	name	32769
6	Array	Array	16385
7	int	size	1
7	char	data	1
5	unsigned int	nameHash	1
5	int	frameIndex	1
5	int	frameCount	1
2	vector	fullWeights	32769
3	Array	Array	16385
4	int	size	1
4	float	data	1
1	vector	m_BindPose	32769
2	Array	Array	16385
3	int	size	1
3	Matrix4x4f	data	1
4	float	e00	1
4	float	e01	1
4	float	e02	1
4	float	e03	1
4	float	e10	1
4	float	e11	1
4	float	e12	1
4	float	e13	1
4	float	e20	1
4	float	e21	1
4	float	e22	1
4	float	e23	1
4	float	e30	1
4	float	e31	1
4	float	e32	1
4	float	e33	1
1	vector	m_BoneNameHashes	32769
2	Array	Array	16385
3	int	size	1
3	unsigned int	data	1
1	unsigned int	m_RootBoneNameHash	1
1	vector	m_BonesAABB	32769
2	Array	Array	16385
3	int	size	1
3	MinMaxAABB	data	1
4	Vector3f	m_Min	2097153
5	float	x	2097153
5	float	y	2097153
5	float	z	2097153
4	Vector3f	m_Max	2097153
5	float	x	2097153
5	float	y	2097153
5	float	z	2097153
1	VariableBoneCountWeights	m_VariableBoneCountWeights	32769
2	vector	m_Data	32769
3	Array	Array	16385
4	int	size	1
4	unsigned int	data	1
1	UInt8	m_MeshCompression	1
1	bool	m_IsReadable	1
1	bool	m_KeepVertices	1
1	bool	m_KeepIndices	16385
1	int	m_IndexFormat	1
1	vector	m_IndexBuffer	32769
2	Array	Array	16385
3	int	size	1
3	UInt8	data	1
1	VertexData	m_VertexData	49153
2	unsigned int	m_VertexCount	1
2	vector	m_Channels	32769
3	Array	Array	16385
4	int	size	1
4	ChannelInfo	data	1
5	UInt8	stream	1
5	UInt8	offset	1
5	UInt8	format	1
5	UInt8	dimension	1
2	TypelessData	m_DataSize	16385
3	int	size	1
3	UInt8	data	1
1	CompressedMesh	m_CompressedMesh	32769
2	PackedBitVector	m_Vertices	32769
3	unsigned int	m_NumItems	1
3	float	m_Range	1
3	float	m_Start	1
3	vector	m_Data	32769
4	Array	Array	16385
5	int	size	1
5	UInt8	data	1
3	UInt8	m_BitSize	16385
2	PackedBitVector	m_UV	32769
3	unsigned int	m_NumItems	1
3	float	m_Range	1
3	float	m_Start	1
3	vector	m_Data	32769
4	Array	Array	16385
5	int	size	1
5	UInt8	data	1
3	UInt8	m_BitSize	16385
2	PackedBitVector	m_Normals	32769
3	unsigned int	m_NumItems	1
3	float	m_Range	1
3	float	m_Start	1
3	vector	m_Data	32769
4	Array	Array	16385
5	int	size	1
5	UInt8	data	1
3	UInt8	m_BitSize	16385
2	PackedBitVector	m_Tangents	32769
3	unsigned int	m_NumItems	1
3	float	m_Range	1
3	float	m_Start	1
3	vector	m_Data	32769
4	Array	Array	16385
5	int	size	1
5	UInt8	data	1
3	UInt8	m_BitSize	16385
2	PackedBitVector	m_Weights	32769
3	unsigned int	m_NumItems	1
3	vector	m_Data	32769
4	Array	Array	16385
5	int	size	1
5	UInt8	data	1
3	UInt8	m_BitSize	16385
2	PackedBitVector	m_NormalSigns	32769
3	unsigned int	m_NumItems	1
3	vector	m_Data	32769
4	Array	Array	16385
5	int	size	1
5	UInt8	data	1
3	UInt8	m_BitSize	16385
2	PackedBitVector	m_TangentSigns	32769
3	unsigned int	m_NumItems	1
3	vector	m_Data	32769
4	Array	Array	16385
5	int	size	1
5	UInt8	data	1
3	UInt8	m_BitSize	16385
2	PackedBitVector	m_FloatColors	32769
3	unsigned int	m_NumItems	1
3	float	m_Range	1
3	float	m_Start	1
3	vector	m_Data	32769
4	Array	Array	16385
5	int	size	1
5	UInt8	data	1
3	UInt8	m_BitSize	16385
2	PackedBitVector	m_BoneIndices	32769
3	unsigned int	m_NumItems	1
3	vector	m_Data	32769
4	Array	Array	16385
5	int	size	1
5	UInt8	data	1
3	UInt8	m_BitSize	16385
2	PackedBitVector	m_Triangles	32769
3	unsigned int	m_NumItems	1
3	vector	m_Data	32769
4	Array	Array	16385
5	int	size	1
5	UInt8	data	1
3	UInt8	m_BitSize	16385
2	unsigned int	m_UVInfo	1
1	AABB	m_LocalAABB	1
2	Vector3f	m_Center	2097153
3	float	x	2097153
3	float	y	2097153
3	float	z	2097153
2	Vector3f	m_Extent	2097153
3	float	x	2097153
3	float	y	2097153
3	float	z	2097153
1	int	m_MeshUsageFlags	1
1	int	m_CookingOptions	0
1	vector	m_BakedConvexCollisionMesh	32769
2	Array	Array	16385
3	int	size	1
3	UInt8	data	1
1	vector	m_BakedTriangleCollisionMesh	32769
2	Array	Array	16385
3	int	size	1
3	UInt8	data	1
1	float	m_MeshMetrics[0]	0
1	float	m_MeshMetrics[1]	16384
1	StreamingInfo	m_StreamData	32768
2	UInt64	offset	0
2	unsigned int	size	0
2	string	path	32768
3	Array	Array	16385
4	int	size	1
4	char	data	1
class	6000.0.61f1	47	QualitySettings
0	QualitySettings	Base	32768
1	int	m_CurrentQuality	0
1	vector	m_QualitySettings	32768
2	Array	Array	49152
3	int	size	0
3	QualitySetting	data	32768
4	string	name	32768
5	Array	Array	16385
6	int	size	1
6	char	data	1
4	int	pixelLightCount	0
4	int	shadows	0
4	int	shadowResolution	0
4	int	shadowProjection	0
4	int	shadowCascades	0
4	float	shadowDistance	0
4	float	shadowNearPlaneOffset	0
4	float	shadowCascade2Split	0
4	Vector3f	shadowCascade4Split	2097152
5	float	x	2097152
5	float	y	2097152
5	float	z	2097152
4	int	shadowmaskMode	0
4	int	skinWeights	0
4	int	globalTextureMipmapLimit	0
4	vector	textureMipmapLimitSettings	32768
5	Array	Array	16384
6	int	size	0
6	MipmapLimitSettings	data	0
7	int	limitBiasMode	0
7	int	limitBias	0
4	int	anisotropicTextures	0
4	int	antiAliasing	0
4	bool	softParticles	0
4	bool	softVegetation	1
4	bool	realtimeReflectionProbes	0
4	bool	billboardsFaceCameraPosition	0
4	bool	useLegacyDetailDistribution	0
4	bool	adaptiveVsync	16384
4	int	vSyncCount	0
4	int	realtimeGICPUUsage	0
4	int	adaptiveVsyncExtraA	0
4	int	adaptiveVsyncExtraB	0
4	float	lodBias	0
4	int	maximumLODLevel	0
4	bool	enableLODCrossFade	0
4	bool	streamingMipmapsActive	0
4	bool	streamingMipmapsAddAllCameras	16384
4	float	streamingMipmapsMemoryBudget	0
4	int	streamingMipmapsRenderersPerFrame	0
4	int	streamingMipmapsMaxLevelReduction	0
4	int	streamingMipmapsMaxFileIORequests	0
4	int	particleRaycastBudget	0
4	int	asyncUploadTimeSlice	0
4	int	asyncUploadBufferSize	0
4	bool	asyncUploadPersistentBuffer	16384
4	float	resolutionScalingFixedDPIFactor	0
4	PPtr<MonoBehaviour>	customRenderPipeline	16384
5	int	m_FileID	8388609
5	SInt64	m_PathID	8388609
4	int	terrainQualityOverrides	0
4	float	terrainPixelError	0
4	float	terrainDetailDensityScale	0
4	float	terrainBasemapDistance	0
4	float	terrainDetailDistance	0
4	float	terrainTreeDistance	0
4	float	terrainBillboardStart	0
4	float	terrainFadeLength	0
4	int	terrainMaxTrees	16384
1	vector	m_TextureMipmapLimitGroupNames	32768
2	Array	Array	49152
3	int	size	0
3	string	data	32768
4	Array	Array	16385
5	int	size	1
5	char	data	1
1	int	m_StrippedMaximumLODLevel	0
class	6000.0.61f1	48	Shader
0	Shader	Base	32768
1	string	m_Name	557057
2	Array	Array	540673
3	int	size	524289
3	char	data	524289
1	SerializedShader	m_ParsedForm	32768
2	SerializedProperties	m_PropInfo	32768
3	vector	m_Props	32768
4	Array	Array	49152
5	int	size	0
5	SerializedProperty	data	32768
6	string	m_Name	32768
7	Array	Array	16385
8	int	size	1
8	char	data	1
6	string	m_Description	32768
7	Array	Array	16385
8	int	size	1
8	char	data	1
6	vector	m_Attributes	32768
7	Array	Array	49152
8	int	size	0
8	string	data	32768
9	Array	Array	16385
10	int	size	1
10	char	data	1
6	int	m_Type	0
6	unsigned int	m_Flags	0
6	float	m_DefValue[0]	0
6	float	m_DefValue[1]	0
6	float	m_DefValue[2]	0
6	float	m_DefValue[3]	0
6	SerializedTextureProperty	m_DefTexture	32768
7	string	m_DefaultName	32768
8	Array	Array	16385
9	int	size	1
9	char	data	1
7	int	m_TexDim	0
2	vector	m_SubShaders	32768
3	Array	Array	49152
4	int	size	0
4	SerializedSubShader	data	32768
5	vector	m_Passes	32768
6	Array	Array	49152
7	int	size	0
7	SerializedPass	data	32768
8	map	m_NameIndices	32768
9	Array	Array	32768
10	int	size	0
10	pair	data	32768
11	string	first	32768
12	Array	Array	16385
13	int	size	1
13	char	data	1
11	int	second	0
8	int	m_Type	0
8	SerializedShaderState	m_State	32768
9	string	m_Name	32768
10	Array	Array	16385
11	int	size	1
11	char	data	1
9	SerializedShaderRTBlendState	rtBlend0	32768
10	SerializedShaderFloatValue	srcBlend	32768
11	float	val	0
11	string	name	32768
12	Array	Array	16385
13	int	size	1
13	char	data	1
10	SerializedShaderFloatValue	destBlend	32768
11	float	val	0
11	string	name	32768
12	Array	Array	16385
13	int	size	1
13	char	data	1
10	SerializedShaderFloatValue	srcBlendAlpha	32768
11	float	val	0
11	string	name	32768
12	Array	Array	16385
13	int	size	1
13	char	data	1
10	SerializedShaderFloatValue	destBlendAlpha	32768
11	float	val	0
11	string	name	32768
12	Array	Array	16385
13	int	size	1
13	char	data	1
10	SerializedShaderFloatValue	blendOp	32768
11	float	val	0
11	string	name	32768
12	Array	Array	16385
13	int	size	1
13	char	data	1
10	SerializedShaderFloatValue	blendOpAlpha	32768
11	float	val	0
11	string	name	32768
12	Array	Array	16385
13	int	size	1
13	char	data	1
10	SerializedShaderFloatValue	colMask	32768
11	float	val	0
11	string	name	32768
12	Array	Array	16385
13	int	size	1
13	char	data	1
9	SerializedShaderRTBlendState	rtBlend1	32768
10	SerializedShaderFloatValue	srcBlend	32768
11	float	val	0
11	string	name	32768
12	Array	Array	16385
13	int	size	1
13	char	data	1
10	SerializedShaderFloatValue	destBlend	32768
11	float	val	0
11	string	name	32768
12	Array	Array	16385
13	int	size	1
13	char	data	1
10	SerializedShaderFloatValue	srcBlendAlpha	32768
11	float	val	0
11	string	name	32768
12	Array	Array	16385
13	int	size	1
13	char	data	1
10	SerializedShaderFloatValue	destBlendAlpha	32768
11	float	val	0
11	string	name	32768
12	Array	Array	16385
13	int	size	1
13	char	data	1
10	SerializedShaderFloatValue	blendOp	32768
11	float	val	0
11	string	name	32768
12	Array	Array	16385
13	int	size	1
13	char	data	1
10	SerializedShaderFloatValue	blendOpAlpha	32768
11	float	val	0
11	string	name	32768
12	Array	Array	16385
13	int	size	1
13	char	data	1
10	SerializedShaderFloatValue	colMask	32768
11	float	val	0
11	string	name	32768
12	Array	Array	16385
13	int	size	1
13	char	data	1
9	SerializedShaderRTBlendState	rtBlend2	32768
10	SerializedShaderFloatValue	srcBlend	32768
11	float	val	0
11	string	name	32768
12	Array	Array	16385
13	int	size	1
13	char	data	1
10	SerializedShaderFloatValue	destBlend	32768
11	float	val	0
11	string	name	32768
12	Array	Array	16385
13	int	size	1
13	char	data	1
10	SerializedShaderFloatValue	srcBlendAlpha	32768
11	float	val	0
11	string	name	32768
12	Array	Array	16385
13	int	size	1
13	char	data	1
10	SerializedShaderFloatValue	destBlendAlpha	32768
11	float	val	0
11	string	name	32768
12	Array	Array	16385
13	int	size	1
13	char	data	1
10	SerializedShaderFloatValue	blendOp	32768
11	float	val	0
11	string	name	32768
12	Array	Array	16385
13	int	size	1
13	char	data	1
10	SerializedShaderFloatValue	blendOpAlpha	32768
11	float	val	0
11	string	name	32768
12	Array	Array	16385
13	int	size	1
13	char	data	1
10	SerializedShaderFloatValue	colMask	32768
11	float	val	0
11	string	name	32768
12	Array	Array	16385
13	int	size	1
13	char	data	1
9	SerializedShaderRTBlendState	rtBlend3	32768
10	SerializedShaderFloatValue	srcBlend	32768
11	float	val	0
11	string	name	32768
12	Array	Array	16385
13	int	size	1
13	char	data	1
10	SerializedShaderFloatValue	destBlend	32768
11	float	val	0
11	string	name	32768
12	Array	Array	16385
13	int	size	1
13	char	data	1
10	SerializedShaderFloatValue	srcBlendAlpha	32768
11	float	val	0
11	string	name	32768
12	Array	Array	16385
13	int	size	1
13	char	data	1
10	SerializedShaderFloatValue	destBlendAlpha	32768
11	float	val	0
11	string	name	32768
12	Array	Array	16385
13	int	size	1
13	char	data	1
10	SerializedShaderFloatValue	blendOp	32768
11	float	val	0
11	string	name	32768
12	Array	Array	16385
13	int	size	1
13	char	data	1
10	SerializedShaderFloatValue	blendOpAlpha	32768
11	float	val	0
11	string	name	32768
12	Array	Array	16385
13	int	size	1
13	char	data	1
10	SerializedShaderFloatValue	colMask	32768
11	float	val	0
11	string	name	32768
12	Array	Array	16385
13	int	size	1
13	char	data	1
9	SerializedShaderRTBlendState	rtBlend4	32768
10	SerializedShaderFloatValue	srcBlend	32768
11	float	val	0
11	string	name	32768
12	Array	Array	16385
13	int	size	1
13	char	data	1
10	SerializedShaderFloatValue	destBlend	32768
11	float	val	0
11	string	name	32768
12	Array	Array	16385
13	int	size	1
13	char	data	1
10	SerializedShaderFloatValue	srcBlendAlpha	32768
11	float	val	0
11	string	name	32768
12	Array	Array	16385
13	int	size	1
13	char	data	1
10	SerializedShaderFloatValue	destBlendAlpha	32768
11	float	val	0
11	string	name	32768
12	Array	Array	16385
13	int	size	1
13	char	data	1
10	SerializedShaderFloatValue	blendOp	32768
11	float	val	0
11	string	name	32768
12	Array	Array	16385
13	int	size	1
13	char	data	1
10	SerializedShaderFloatValue	blendOpAlpha	32768
11	float	val	0
11	string	name	32768
12	Array	Array	16385
13	int	size	1
13	char	data	1
10	SerializedShaderFloatValue	colMask	32768
11	float	val	0
11	string	name	32768
12	Array	Array	16385
13	int	size	1
13	char	data	1
9	SerializedShaderRTBlendState	rtBlend5	32768
10	SerializedShaderFloatValue	srcBlend	32768
11	float	val	0
11	string	name	32768
12	Array	Array	16385
13	int	size	1
13	char	data	1
10	SerializedShaderFloatValue	destBlend	32768
11	float	val	0
11	string	name	32768
12	Array	Array	16385
13	int	size	1
13	char	data	1
10	SerializedShaderFloatValue	srcBlendAlpha	32768
11	float	val	0
11	string	name	32768
12	Array	Array	16385
13	int	size	1
13	char	data	1
10	SerializedShaderFloatValue	destBlendAlpha	32768
11	float	val	0
11	string	name	32768
12	Array	Array	16385
13	int	size	1
13	char	data	1
10	SerializedShaderFloatValue	blendOp	32768
11	float	val	0
11	string	name	32768
12	Array	Array	16385
13	int	size	1
13	char	data	1
10	SerializedShaderFloatValue	blendOpAlpha	32768
11	float	val	0
11	string	name	32768
12	Array	Array	16385
13	int	size	1
13	char	data	1
10	SerializedShaderFloatValue	colMask	32768
11	float	val	0
11	string	name	32768
12	Array	Array	16385
13	int	size	1
13	char	data	1
9	SerializedShaderRTBlendState	rtBlend6	32768
10	SerializedShaderFloatValue	srcBlend	32768
11	float	val	0
11	string	name	32768
12	Array	Array	16385
13	int	size	1
13	char	data	1
10	SerializedShaderFloatValue	destBlend	32768
11	float	val	0
11	string	name	32768
12	Array	Array	16385
13	int	size	1
13	char	data	1
10	SerializedShaderFloatValue	srcBlendAlpha	32768
11	float	val	0
11	string	name	32768
12	Array	Array	16385
13	int	size	1
13	char	data	1
10	SerializedShaderFloatValue	destBlendAlpha	32768
11	float	val	0
11	string	name	32768
12	Array	Array	16385
13	int	size	1
13	char	data	1
10	SerializedShaderFloatValue	blendOp	32768
11	float	val	0
11	string	name	32768
12	Array	Array	16385
13	int	size	1
13	char	data	1
10	SerializedShaderFloatValue	blendOpAlpha	32768
11	float	val	0
11	string	name	32768
12	Array	Array	16385
13	int	size	1
13	char	data	1
10	SerializedShaderFloatValue	colMask	32768
11	float	val	0
11	string	name	32768
12	Array	Array	16385
13	int	size	1
13	char	data	1
9	SerializedShaderRTBlendState	rtBlend7	32768
10	SerializedShaderFloatValue	srcBlend	32768
11	float	val	0
11	string	name	32768
12	Array	Array	16385
13	int	size	1
13	char	data	1
10	SerializedShaderFloatValue	destBlend	32768
11	float	val	0
11	string	name	32768
12	Array	Array	16385
13	int	size	1
13	char	data	1
10	SerializedShaderFloatValue	srcBlendAlpha	32768
11	float	val	0
11	string	name	32768
12	Array	Array	16385
13	int	size	1
13	char	data	1
10	SerializedShaderFloatValue	destBlendAlpha	32768
11	float	val	0
11	string	name	32768
12	Array	Array	16385
13	int	size	1
13	char	data	1
10	SerializedShaderFloatValue	blendOp	32768
11	float	val	0
11	string	name	32768
12	Array	Array	16385
13	int	size	1
13	char	data	1
10	SerializedShaderFloatValue	blendOpAlpha	32768
11	float	val	0
11	string	name	32768
12	Array	Array	16385
13	int	size	1
13	char	data	1
10	SerializedShaderFloatValue	colMask	32768
11	float	val	0
11	string	name	32768
12	Array	Array	16385
13	int	size	1
13	char	data	1
9	bool	rtSeparateBlend	16384
9	SerializedShaderFloatValue	zClip	32768
10	float	val	0
10	string	name	32768
11	Array	Array	16385
12	int	size	1
12	char	data	1
9	SerializedShaderFloatValue	zTest	32768
10	float	val	0
10	string	name	32768
11	Array	Array	16385
12	int	size	1
12	char	data	1
9	SerializedShaderFloatValue	zWrite	32768
10	float	val	0
10	string	name	32768
11	Array	Array	16385
12	int	size	1
12	char	data	1
9	SerializedShaderFloatValue	culling	32768
10	float	val	0
10	string	name	32768
11	Array	Array	16385
12	int	size	1
12	char	data	1
9	SerializedShaderFloatValue	conservative	32768
10	float	val	0
10	string	name	32768
11	Array	Array	16385
12	int	size	1
12	char	data	1
9	SerializedShaderFloatValue	offsetFactor	32768
10	float	val	0
10	string	name	32768
11	Array	Array	16385
12	int	size	1
12	char	data	1
9	SerializedShaderFloatValue	offsetUnits	32768
10	float	val	0
10	string	name	32768
11	Array	Array	16385
12	int	size	1
12	char	data	1
9	SerializedShaderFloatValue	alphaToMask	32768
10	float	val	0
10	string	name	32768
11	Array	Array	16385
12	int	size	1
12	char	data	1
9	SerializedStencilOp	stencilOp	32768
10	SerializedShaderFloatValue	pass	32768
11	float	val	0
11	string	name	32768
12	Array	Array	16385
13	int	size	1
13	char	data	1
10	SerializedShaderFloatValue	fail	32768
11	float	val	0
11	string	name	32768
12	Array	Array	16385
13	int	size	1
13	char	data	1
10	SerializedShaderFloatValue	zFail	32768
11	float	val	0
11	string	name	32768
12	Array	Array	16385
13	int	size	1
13	char	data	1
10	SerializedShaderFloatValue	comp	32768
11	float	val	0
11	string	name	32768
12	Array	Array	16385
13	int	size	1
13	char	data	1
9	SerializedStencilOp	stencilOpFront	32768
10	SerializedShaderFloatValue	pass	32768
11	float	val	0
11	string	name	32768
12	Array	Array	16385
13	int	size	1
13	char	data	1
10	SerializedShaderFloatValue	fail	32768
11	float	val	0
11	string	name	32768
12	Array	Array	16385
13	int	size	1
13	char	data	1
10	SerializedShaderFloatValue	zFail	32768
11	float	val	0
11	string	name	32768
12	Array	Array	16385
13	int	size	1
13	char	data	1
10	SerializedShaderFloatValue	comp	32768
11	float	val	0
11	string	name	32768
12	Array	Array	16385
13	int	size	1
13	char	data	1
9	SerializedStencilOp	stencilOpBack	32768
10	SerializedShaderFloatValue	pass	32768
11	float	val	0
11	string	name	32768
12	Array	Array	16385
13	int	size	1
13	char	data	1
10	SerializedShaderFloatValue	fail	32768
11	float	val	0
11	string	name	32768
12	Array	Array	16385
13	int	size	1
13	char	data	1
10	SerializedShaderFloatValue	zFail	32768
11	float	val	0
11	string	name	32768
12	Array	Array	16385
13	int	size	1
13	char	data	1
10	SerializedShaderFloatValue	comp	32768
11	float	val	0
11	string	name	32768
12	Array	Array	16385
13	int	size	1
13	char	data	1
9	SerializedShaderFloatValue	stencilReadMask	32768
10	float	val	0
10	string	name	32768
11	Array	Array	16385
12	int	size	1
12	char	data	1
9	SerializedShaderFloatValue	stencilWriteMask	32768
10	float	val	0
10	string	name	32768
11	Array	Array	16385
12	int	size	1
12	char	data	1
9	SerializedShaderFloatValue	stencilRef	32768
10	float	val	0
10	string	name	32768
11	Array	Array	16385
12	int	size	1
12	char	data	1
9	SerializedShaderFloatValue	fogStart	32768
10	float	val	0
10	string	name	32768
11	Array	Array	16385
12	int	size	1
12	char	data	1
9	SerializedShaderFloatValue	fogEnd	32768
10	float	val	0
10	string	name	32768
11	Array	Array	16385
12	int	size	1
12	char	data	1
9	SerializedShaderFloatValue	fogDensity	32768
10	float	val	0
10	string	name	32768
11	Array	Array	16385
12	int	size	1
12	char	data	1
9	SerializedShaderVectorValue	fogColor	32768
10	SerializedShaderFloatValue	x	32768
11	float	val	0
11	string	name	32768
12	Array	Array	16385
13	int	size	1
13	char	data	1
10	SerializedShaderFloatValue	y	32768
11	float	val	0
11	string	name	32768
12	Array	Array	16385
13	int	size	1
13	char	data	1
10	SerializedShaderFloatValue	z	32768
11	float	val	0
11	string	name	32768
12	Array	Array	16385
13	int	size	1
13	char	data	1
10	SerializedShaderFloatValue	w	32768
11	float	val	0
11	string	name	32768
12	Array	Array	16385
13	int	size	1
13	char	data	1
10	string	name	32768
11	Array	Array	16385
12	int	size	1
12	char	data	1
9	int	fogMode	0
9	int	gpuProgramID	0
9	SerializedTagMap	m_Tags	32768
10	map	tags	32768
11	Array	Array	32768
12	int	size	0
12	pair	data	32768
13	string	first	32768
14	Array	Array	16385
15	int	size	1
15	char	data	1
13	string	second	32768
14	Array	Array	16385
15	int	size	1
15	char	data	1
9	int	m_LOD	0
9	bool	lighting	16384
8	unsigned int	m_ProgramMask	0
8	SerializedProgram	progVertex	32768
9	vector	m_SubPrograms	32768
10	Array	Array	49152
11	int	size	0
11	SerializedSubProgram	data	32768
12	unsigned int	m_BlobIndex	0
12	ParserBindChannels	m_Channels	32768
13	vector	m_Channels	49152
14	Array	Array	16384
15	int	size	0
15	ShaderBindChannel	data	0
16	SInt8	source	0
16	SInt8	target	0
13	int	m_SourceMap	0
12	vector	m_KeywordIndices	32768
13	Array	Array	16384
14	int	size	0
14	UInt16	data	0
12	SInt8	m_ShaderHardwareTier	0
12	SInt8	m_GpuProgramType	16384
12	SerializedProgramParameters	m_Parameters	32768
13	vector	m_VectorParams	32768
14	Array	Array	49152
15	int	size	0
15	VectorParameter	data	32768
16	int	m_NameIndex	0
16	int	m_Index	0
16	int	m_ArraySize	0
16	SInt8	m_Type	0
16	SInt8	m_Dim	16384
13	vector	m_MatrixParams	32768
14	Array	Array	49152
15	int	size	0
15	MatrixParameter	data	32768
16	int	m_NameIndex	0
16	int	m_Index	0
16	int	m_ArraySize	0
16	SInt8	m_Type	0
16	SInt8	m_RowCount	16384
13	vector	m_TextureParams	32768
14	Array	Array	49152
15	int	size	0
15	TextureParameter	data	32768
16	int	m_NameIndex	0
16	int	m_Index	0
16	int	m_SamplerIndex	0
16	bool	m_MultiSampled	0
16	SInt8	m_Dim	16384
13	vector	m_BufferParams	32768
14	Array	Array	16384
15	int	size	0
15	BufferBinding	data	0
16	int	m_NameIndex	0
16	int	m_Index	0
16	int	m_ArraySize	0
13	vector	m_ConstantBuffers	32768
14	Array	Array	49152
15	int	size	0
15	ConstantBuffer	data	32768
16	int	m_NameIndex	0
16	vector	m_MatrixParams	32768
17	Array	Array	49152
18	int	size	0
18	MatrixParameter	data	32768
19	int	m_NameIndex	0
19	int	m_Index	0
19	int	m_ArraySize	0
19	SInt8	m_Type	0
19	SInt8	m_RowCount	16384
16	vector	m_VectorParams	32768
17	Array	Array	49152
18	int	size	0
18	VectorParameter	data	32768
19	int	m_NameIndex	0
19	int	m_Index	0
19	int	m_ArraySize	0
19	SInt8	m_Type	0
19	SInt8	m_Dim	16384
16	vector	m_StructParams	32768
17	Array	Array	49152
18	int	size	0
18	StructParameter	data	32768
19	int	m_NameIndex	0
19	int	m_Index	0
19	int	m_ArraySize	0
19	int	m_StructSize	0
19	vector	m_VectorMembers	32768
20	Array	Array	49152
21	int	size	0
21	VectorParameter	data	32768
22	int	m_NameIndex	0
22	int	m_Index	0
22	int	m_ArraySize	0
22	SInt8	m_Type	0
22	SInt8	m_Dim	16384
19	vector	m_MatrixMembers	32768
20	Array	Array	49152
21	int	size	0
21	MatrixParameter	data	32768
22	int	m_NameIndex	0
22	int	m_Index	0
22	int	m_ArraySize	0
22	SInt8	m_Type	0
22	SInt8	m_RowCount	16384
16	int	m_Size	0
16	bool	m_IsPartialCB	16384
13	vector	m_ConstantBufferBindings	32768
14	Array	Array	16384
15	int	size	0
15	BufferBinding	data	0
16	int	m_NameIndex	0
16	int	m_Index	0
16	int	m_ArraySize	0
13	vector	m_UAVParams	32768
14	Array	Array	16384
15	int	size	0
15	UAVParameter	data	0
16	int	m_NameIndex	0
16	int	m_Index	0
16	int	m_OriginalIndex	0
13	vector	m_Samplers	32768
14	Array	Array	16384
15	int	size	0
15	SamplerParameter	data	0
16	unsigned int	sampler	0
16	int	bindPoint	0
12	SInt64	m_ShaderRequirements	0
9	vector	m_PlayerSubPrograms	32768
10	Array	Array	49152
11	int	size	0
11	vector	data	32768
12	Array	Array	49152
13	int	size	0
13	SerializedPlayerSubProgram	data	32768
14	unsigned int	m_BlobIndex	0
14	vector	m_KeywordIndices	32768
15	Array	Array	16384
16	int	size	0
16	UInt16	data	0
14	SInt64	m_ShaderRequirements	0
14	SInt8	m_GpuProgramType	16384
9	vector	m_ParameterBlobIndices	32768
10	Array	Array	49152
11	int	size	0
11	vector	data	32768
12	Array	Array	16384
13	int	size	0
13	unsigned int	data	0
9	SerializedProgramParameters	m_CommonParameters	32768
10	vector	m_VectorParams	32768
11	Array	Array	49152
12	int	size	0
12	VectorParameter	data	32768
13	int	m_NameIndex	0
13	int	m_Index	0
13	int	m_ArraySize	0
13	SInt8	m_Type	0
13	SInt8	m_Dim	16384
10	vector	m_MatrixParams	32768
11	Array	Array	49152
12	int	size	0
12	MatrixParameter	data	32768
13	int	m_NameIndex	0
13	int	m_Index	0
13	int	m_ArraySize	0
13	SInt8	m_Type	0
13	SInt8	m_RowCount	16384
10	vector	m_TextureParams	32768
11	Array	Array	49152
12	int	size	0
12	TextureParameter	data	32768
13	int	m_NameIndex	0
13	int	m_Index	0
13	int	m_SamplerIndex	0
13	bool	m_MultiSampled	0
13	SInt8	m_Dim	16384
10	vector	m_BufferParams	32768
11	Array	Array	16384
12	int	size	0
12	BufferBinding	data	0
13	int	m_NameIndex	0
13	int	m_Index	0
13	int	m_ArraySize	0
10	vector	m_ConstantBuffers	32768
11	Array	Array	49152
12	int	size	0
12	ConstantBuffer	data	32768
13	int	m_NameIndex	0
13	vector	m_MatrixParams	32768
14	Array	Array	49152
15	int	size	0
15	MatrixParameter	data	32768
16	int	m_NameIndex	0
16	int	m_Index	0
16	int	m_ArraySize	0
16	SInt8	m_Type	0
16	SInt8	m_RowCount	16384
13	vector	m_VectorParams	32768
14	Array	Array	49152
15	int	size	0
15	VectorParameter	data	32768
16	int	m_NameIndex	0
16	int	m_Index	0
16	int	m_ArraySize	0
16	SInt8	m_Type	0
16	SInt8	m_Dim	16384
13	vector	m_StructParams	32768
14	Array	Array	49152
15	int	size	0
15	StructParameter	data	32768
16	int	m_NameIndex	0
16	int	m_Index	0
16	int	m_ArraySize	0
16	int	m_StructSize	0
16	vector	m_VectorMembers	32768
17	Array	Array	49152
18	int	size	0
18	VectorParameter	data	32768
19	int	m_NameIndex	0
19	int	m_Index	0
19	int	m_ArraySize	0
19	SInt8	m_Type	0
19	SInt8	m_Dim	16384
16	vector	m_MatrixMembers	32768
17	Array	Array	49152
18	int	size	0
18	MatrixParameter	data	32768
19	int	m_NameIndex	0
19	int	m_Index	0
19	int	m_ArraySize	0
19	SInt8	m_Type	0
19	SInt8	m_RowCount	16384
13	int	m_Size	0
13	bool	m_IsPartialCB	16384
10	vector	m_ConstantBufferBindings	32768
11	Array	Array	16384
12	int	size	0
12	BufferBinding	data	0
13	int	m_NameIndex	0
13	int	m_Index	0
13	int	m_ArraySize	0
10	vector	m_UAVParams	32768
11	Array	Array	16384
12	int	size	0
12	UAVParameter	data	0
13	int	m_NameIndex	0
13	int	m_Index	0
13	int	m_OriginalIndex	0
10	vector	m_Samplers	32768
11	Array	Array	16384
12	int	size	0
12	SamplerParameter	data	0
13	unsigned int	sampler	0
13	int	bindPoint	0
9	vector	m_SerializedKeywordStateMask	32768
10	Array	Array	16384
11	int	size	0
11	UInt16	data	0
8	SerializedProgram	progFragment	32768
9	vector	m_SubPrograms	32768
10	Array	Array	49152
11	int	size	0
11	SerializedSubProgram	data	32768
12	unsigned int	m_BlobIndex	0
12	ParserBindChannels	m_Channels	32768
13	vector	m_Channels	49152
14	Array	Array	16384
15	int	size	0
15	ShaderBindChannel	data	0
16	SInt8	source	0
16	SInt8	target	0
13	int	m_SourceMap	0
12	vector	m_KeywordIndices	32768
13	Array	Array	16384
14	int	size	0
14	UInt16	data	0
12	SInt8	m_ShaderHardwareTier	0
12	SInt8	m_GpuProgramType	16384
12	SerializedProgramParameters	m_Parameters	32768
13	vector	m_VectorParams	32768
14	Array	Array	49152
15	int	size	0
15	VectorParameter	data	32768
16	int	m_NameIndex	0
16	int	m_Index	0
16	int	m_ArraySize	0
16	SInt8	m_Type	0
16	SInt8	m_Dim	16384
13	vector	m_MatrixParams	32768
14	Array	Array	49152
15	int	size	0
15	MatrixParameter	data	32768
16	int	m_NameIndex	0
16	int	m_Index	0
16	int	m_ArraySize	0
16	SInt8	m_Type	0
16	SInt8	m_RowCount	16384
13	vector	m_TextureParams	32768
14	Array	Array	49152
15	int	size	0
15	TextureParameter	data	32768
16	int	m_NameIndex	0
16	int	m_Index	0
16	int	m_SamplerIndex	0
16	bool	m_MultiSampled	0
16	SInt8	m_Dim	16384
13	vector	m_BufferParams	32768
14	Array	Array	16384
15	int	size	0
15	BufferBinding	data	0
16	int	m_NameIndex	0
16	int	m_Index	0
16	int	m_ArraySize	0
13	vector	m_ConstantBuffers	32768
14	Array	Array	49152
15	int	size	0
15	ConstantBuffer	data	32768
16	int	m_NameIndex	0
16	vector	m_MatrixParams	32768
17	Array	Array	49152
18	int	size	0
18	MatrixParameter	data	32768
19	int	m_NameIndex	0
19	int	m_Index	0
19	int	m_ArraySize	0
19	SInt8	m_Type	0
19	SInt8	m_RowCount	16384
16	vector	m_VectorParams	32768
17	Array	Array	49152
18	int	size	0
18	VectorParameter	data	32768
19	int	m_NameIndex	0
19	int	m_Index	0
19	int	m_ArraySize	0
19	SInt8	m_Type	0
19	SInt8	m_Dim	16384
16	vector	m_StructParams	32768
17	Array	Array	49152
18	int	size	0
18	StructParameter	data	32768
19	int	m_NameIndex	0
19	int	m_Index	0
19	int	m_ArraySize	0
19	int	m_StructSize	0
19	vector	m_VectorMembers	32768
20	Array	Array	49152
21	int	size	0
21	VectorParameter	data	32768
22	int	m_NameIndex	0
22	int	m_Index	0
22	int	m_ArraySize	0
22	SInt8	m_Type	0
22	SInt8	m_Dim	16384
19	vector	m_MatrixMembers	32768
20	Array	Array	49152
21	int	size	0
21	MatrixParameter	data	32768
22	int	m_NameIndex	0
22	int	m_Index	0
22	int	m_ArraySize	0
22	SInt8	m_Type	0
22	SInt8	m_RowCount	16384
16	int	m_Size	0
16	bool	m_IsPartialCB	16384
13	vector	m_ConstantBufferBindings	32768
14	Array	Array	16384
15	int	size	0
15	BufferBinding	data	0
16	int	m_NameIndex	0
16	int	m_Index	0
16	int	m_ArraySize	0
13	vector	m_UAVParams	32768
14	Array	Array	16384
15	int	size	0
15	UAVParameter	data	0
16	int	m_NameIndex	0
16	int	m_Index	0
16	int	m_OriginalIndex	0
13	vector	m_Samplers	32768
14	Array	Array	16384
15	int	size	0
15	SamplerParameter	data	0
16	unsigned int	sampler	0
16	int	bindPoint	0
12	SInt64	m_ShaderRequirements	0
9	vector	m_PlayerSubPrograms	32768
10	Array	Array	49152
11	int	size	0
11	vector	data	32768
12	Array	Array	49152
13	int	size	0
13	SerializedPlayerSubProgram	data	32768
14	unsigned int	m_BlobIndex	0
14	vector	m_KeywordIndices	32768
15	Array	Array	16384
16	int	size	0
16	UInt16	data	0
14	SInt64	m_ShaderRequirements	0
14	SInt8	m_GpuProgramType	16384
9	vector	m_ParameterBlobIndices	32768
10	Array	Array	49152
11	int	size	0
11	vector	data	32768
12	Array	Array	16384
13	int	size	0
13	unsigned int	data	0
9	SerializedProgramParameters	m_CommonParameters	32768
10	vector	m_VectorParams	32768
11	Array	Array	49152
12	int	size	0
12	VectorParameter	data	32768
13	int	m_NameIndex	0
13	int	m_Index	0
13	int	m_ArraySize	0
13	SInt8	m_Type	0
13	SInt8	m_Dim	16384
10	vector	m_MatrixParams	32768
11	Array	Array	49152
12	int	size	0
12	MatrixParameter	data	32768
13	int	m_NameIndex	0
13	int	m_Index	0
13	int	m_ArraySize	0
13	SInt8	m_Type	0
13	SInt8	m_RowCount	16384
10	vector	m_TextureParams	32768
11	Array	Array	49152
12	int	size	0
12	TextureParameter	data	32768
13	int	m_NameIndex	0
13	int	m_Index	0
13	int	m_SamplerIndex	0
13	bool	m_MultiSampled	0
13	SInt8	m_Dim	16384
10	vector	m_BufferParams	32768
11	Array	Array	16384
12	int	size	0
12	BufferBinding	data	0
13	int	m_NameIndex	0
13	int	m_Index	0
13	int	m_ArraySize	0
10	vector	m_ConstantBuffers	32768
11	Array	Array	49152
12	int	size	0
12	ConstantBuffer	data	32768
13	int	m_NameIndex	0
13	vector	m_MatrixParams	32768
14	Array	Array	49152
15	int	size	0
15	MatrixParameter	data	32768
16	int	m_NameIndex	0
16	int	m_Index	0
16	int	m_ArraySize	0
16	SInt8	m_Type	0
16	SInt8	m_RowCount	16384
13	vector	m_VectorParams	32768
14	Array	Array	49152
15	int	size	0
15	VectorParameter	data	32768
16	int	m_NameIndex	0
16	int	m_Index	0
16	int	m_ArraySize	0
16	SInt8	m_Type	0
16	SInt8	m_Dim	16384
13	vector	m_StructParams	32768
14	Array	Array	49152
15	int	size	0
15	StructParameter	data	32768
16	int	m_NameIndex	0
16	int	m_Index	0
16	int	m_ArraySize	0
16	int	m_StructSize	0
16	vector	m_VectorMembers	32768
17	Array	Array	49152
18	int	size	0
18	VectorParameter	data	32768
19	int	m_NameIndex	0
19	int	m_Index	0
19	int	m_ArraySize	0
19	SInt8	m_Type	0
19	SInt8	m_Dim	16384
16	vector	m_MatrixMembers	32768
17	Array	Array	49152
18	int	size	0
18	MatrixParameter	data	32768
19	int	m_NameIndex	0
19	int	m_Index	0
19	int	m_ArraySize	0
19	SInt8	m_Type	0
19	SInt8	m_RowCount	16384
13	int	m_Size	0
13	bool	m_IsPartialCB	16384
10	vector	m_ConstantBufferBindings	32768
11	Array	Array	16384
12	int	size	0
12	BufferBinding	data	0
13	int	m_NameIndex	0
13	int	m_Index	0
13	int	m_ArraySize	0
10	vector	m_UAVParams	32768
11	Array	Array	16384
12	int	size	0
12	UAVParameter	data	0
13	int	m_NameIndex	0
13	int	m_Index	0
13	int	m_OriginalIndex	0
10	vector	m_Samplers	32768
11	Array	Array	16384
12	int	size	0
12	SamplerParameter	data	0
13	unsigned int	sampler	0
13	int	bindPoint	0
9	vector	m_SerializedKeywordStateMask	32768
10	Array	Array	16384
11	int	size	0
11	UInt16	data	0
8	SerializedProgram	progGeometry	32768
9	vector	m_SubPrograms	32768
10	Array	Array	49152
11	int	size	0
11	SerializedSubProgram	data	32768
12	unsigned int	m_BlobIndex	0
12	ParserBindChannels	m_Channels	32768
13	vector	m_Channels	49152
14	Array	Array	16384
15	int	size	0
15	ShaderBindChannel	data	0
16	SInt8	source	0
16	SInt8	target	0
13	int	m_SourceMap	0
12	vector	m_KeywordIndices	32768
13	Array	Array	16384
14	int	size	0
14	UInt16	data	0
12	SInt8	m_ShaderHardwareTier	0
12	SInt8	m_GpuProgramType	16384
12	SerializedProgramParameters	m_Parameters	32768
13	vector	m_VectorParams	32768
14	Array	Array	49152
15	int	size	0
15	VectorParameter	data	32768
16	int	m_NameIndex	0
16	int	m_Index	0
16	int	m_ArraySize	0
16	SInt8	m_Type	0
16	SInt8	m_Dim	16384
13	vector	m_MatrixParams	32768
14	Array	Array	49152
15	int	size	0
15	MatrixParameter	data	32768
16	int	m_NameIndex	0
16	int	m_Index	0
16	int	m_ArraySize	0
16	SInt8	m_Type	0
16	SInt8	m_RowCount	16384
13	vector	m_TextureParams	32768
14	Array	Array	49152
15	int	size	0
15	TextureParameter	data	32768
16	int	m_NameIndex	0
16	int	m_Index	0
16	int	m_SamplerIndex	0
16	bool	m_MultiSampled	0
16	SInt8	m_Dim	16384
13	vector	m_BufferParams	32768
14	Array	Array	16384
15	int	size	0
15	BufferBinding	data	0
16	int	m_NameIndex	0
16	int	m_Index	0
16	int	m_ArraySize	0
13	vector	m_ConstantBuffers	32768
14	Array	Array	49152
15	int	size	0
15	ConstantBuffer	data	32768
16	int	m_NameIndex	0
16	vector	m_MatrixParams	32768
17	Array	Array	49152
18	int	size	0
18	MatrixParameter	data	32768
19	int	m_NameIndex	0
19	int	m_Index	0
19	int	m_ArraySize	0
19	SInt8	m_Type	0
19	SInt8	m_RowCount	16384
16	vector	m_VectorParams	32768
17	Array	Array	49152
18	int	size	0
18	VectorParameter	data	32768
19	int	m_NameIndex	0
19	int	m_Index	0
19	int	m_ArraySize	0
19	SInt8	m_Type	0
19	SInt8	m_Dim	16384
16	vector	m_StructParams	32768
17	Array	Array	49152
18	int	size	0
18	StructParameter	data	32768
19	int	m_NameIndex	0
19	int	m_Index	0
19	int	m_ArraySize	0
19	int	m_StructSize	0
19	vector	m_VectorMembers	32768
20	Array	Array	49152
21	int	size	0
21	VectorParameter	data	32768
22	int	m_NameIndex	0
22	int	m_Index	0
22	int	m_ArraySize	0
22	SInt8	m_Type	0
22	SInt8	m_Dim	16384
19	vector	m_MatrixMembers	32768
20	Array	Array	49152
21	int	size	0
21	MatrixParameter	data	32768
22	int	m_NameIndex	0
22	int	m_Index	0
22	int	m_ArraySize	0
22	SInt8	m_Type	0
22	SInt8	m_RowCount	16384
16	int	m_Size	0
16	bool	m_IsPartialCB	16384
13	vector	m_ConstantBufferBindings	32768
14	Array	Array	16384
15	int	size	0
15	BufferBinding	data	0
16	int	m_NameIndex	0
16	int	m_Index	0
16	int	m_ArraySize	0
13	vector	m_UAVParams	32768
14	Array	Array	16384
15	int	size	0
15	UAVParameter	data	0
16	int	m_NameIndex	0
16	int	m_Index	0
16	int	m_OriginalIndex	0
13	vector	m_Samplers	32768
14	Array	Array	16384
15	int	size	0
15	SamplerParameter	data	0
16	unsigned int	sampler	0
16	int	bindPoint	0
12	SInt64	m_ShaderRequirements	0
9	vector	m_PlayerSubPrograms	32768
10	Array	Array	49152
11	int	size	0
11	vector	data	32768
12	Array	Array	49152
13	int	size	0
13	SerializedPlayerSubProgram	data	32768
14	unsigned int	m_BlobIndex	0
14	vector	m_KeywordIndices	32768
15	Array	Array	16384
16	int	size	0
16	UInt16	data	0
14	SInt64	m_ShaderRequirements	0
14	SInt8	m_GpuProgramType	16384
9	vector	m_ParameterBlobIndices	32768
10	Array	Array	49152
11	int	size	0
11	vector	data	32768
12	Array	Array	16384
13	int	size	0
13	unsigned int	data	0
9	SerializedProgramParameters	m_CommonParameters	32768
10	vector	m_VectorParams	32768
11	Array	Array	49152
12	int	size	0
12	VectorParameter	data	32768
13	int	m_NameIndex	0
13	int	m_Index	0
13	int	m_ArraySize	0
13	SInt8	m_Type	0
13	SInt8	m_Dim	16384
10	vector	m_MatrixParams	32768
11	Array	Array	49152
12	int	size	0
12	MatrixParameter	data	32768
13	int	m_NameIndex	0
13	int	m_Index	0
13	int	m_ArraySize	0
13	SInt8	m_Type	0
13	SInt8	m_RowCount	16384
10	vector	m_TextureParams	32768
11	Array	Array	49152
12	int	size	0
12	TextureParameter	data	32768
13	int	m_NameIndex	0
13	int	m_Index	0
13	int	m_SamplerIndex	0
13	bool	m_MultiSampled	0
13	SInt8	m_Dim	16384
10	vector	m_BufferParams	32768
11	Array	Array	16384
12	int	size	0
12	BufferBinding	data	0
13	int	m_NameIndex	0
13	int	m_Index	0
13	int	m_ArraySize	0
10	vector	m_ConstantBuffers	32768
11	Array	Array	49152
12	int	size	0
12	ConstantBuffer	data	32768
13	int	m_NameIndex	0
13	vector	m_MatrixParams	32768
14	Array	Array	49152
15	int	size	0
15	MatrixParameter	data	32768
16	int	m_NameIndex	0
16	int	m_Index	0
16	int	m_ArraySize	0
16	SInt8	m_Type	0
16	SInt8	m_RowCount	16384
13	vector	m_VectorParams	32768
14	Array	Array	49152
15	int	size	0
15	VectorParameter	data	32768
16	int	m_NameIndex	0
16	int	m_Index	0
16	int	m_ArraySize	0
16	SInt8	m_Type	0
16	SInt8	m_Dim	16384
13	vector	m_StructParams	32768
14	Array	Array	49152
15	int	size	0
15	StructParameter	data	32768
16	int	m_NameIndex	0
16	int	m_Index	0
16	int	m_ArraySize	0
16	int	m_StructSize	0
16	vector	m_VectorMembers	32768
17	Array	Array	49152
18	int	size	0
18	VectorParameter	data	32768
19	int	m_NameIndex	0
19	int	m_Index	0
19	int	m_ArraySize	0
19	SInt8	m_Type	0
19	SInt8	m_Dim	16384
16	vector	m_MatrixMembers	32768
17	Array	Array	49152
18	int	size	0
18	MatrixParameter	data	32768
19	int	m_NameIndex	0
19	int	m_Index	0
19	int	m_ArraySize	0
19	SInt8	m_Type	0
19	SInt8	m_RowCount	16384
13	int	m_Size	0
13	bool	m_IsPartialCB	16384
10	vector	m_ConstantBufferBindings	32768
11	Array	Array	16384
12	int	size	0
12	BufferBinding	data	0
13	int	m_NameIndex	0
13	int	m_Index	0
13	int	m_ArraySize	0
10	vector	m_UAVParams	32768
11	Array	Array	16384
12	int	size	0
12	UAVParameter	data	0
13	int	m_NameIndex	0
13	int	m_Index	0
13	int	m_OriginalIndex	0
10	vector	m_Samplers	32768
11	Array	Array	16384
12	int	size	0
12	SamplerParameter	data	0
13	unsigned int	sampler	0
13	int	bindPoint	0
9	vector	m_SerializedKeywordStateMask	32768
10	Array	Array	16384
11	int	size	0
11	UInt16	data	0
8	SerializedProgram	progHull	32768
9	vector	m_SubPrograms	32768
10	Array	Array	49152
11	int	size	0
11	SerializedSubProgram	data	32768
12	unsigned int	m_BlobIndex	0
12	ParserBindChannels	m_Channels	32768
13	vector	m_Channels	49152
14	Array	Array	16384
15	int	size	0
15	ShaderBindChannel	data	0
16	SInt8	source	0
16	SInt8	target	0
13	int	m_SourceMap	0
12	vector	m_KeywordIndices	32768
13	Array	Array	16384
14	int	size	0
14	UInt16	data	0
12	SInt8	m_ShaderHardwareTier	0
12	SInt8	m_GpuProgramType	16384
12	SerializedProgramParameters	m_Parameters	32768
13	vector	m_VectorParams	32768
14	Array	Array	49152
15	int	size	0
15	VectorParameter	data	32768
16	int	m_NameIndex	0
16	int	m_Index	0
16	int	m_ArraySize	0
16	SInt8	m_Type	0
16	SInt8	m_Dim	16384
13	vector	m_MatrixParams	32768
14	Array	Array	49152
15	int	size	0
15	MatrixParameter	data	32768
16	int	m_NameIndex	0
16	int	m_Index	0
16	int	m_ArraySize	0
16	SInt8	m_Type	0
16	SInt8	m_RowCount	16384
13	vector	m_TextureParams	32768
14	Array	Array	49152
15	int	size	0
15	TextureParameter	data	32768
16	int	m_NameIndex	0
16	int	m_Index	0
16	int	m_SamplerIndex	0
16	bool	m_MultiSampled	0
16	SInt8	m_Dim	16384
13	vector	m_BufferParams	32768
14	Array	Array	16384
15	int	size	0
15	BufferBinding	data	0
16	int	m_NameIndex	0
16	int	m_Index	0
16	int	m_ArraySize	0
13	vector	m_ConstantBuffers	32768
14	Array	Array	49152
15	int	size	0
15	ConstantBuffer	data	32768
16	int	m_NameIndex	0
16	vector	m_MatrixParams	32768
17	Array	Array	49152
18	int	size	0
18	MatrixParameter	data	32768
19	int	m_NameIndex	0
19	int	m_Index	0
19	int	m_ArraySize	0
19	SInt8	m_Type	0
19	SInt8	m_RowCount	16384
16	vector	m_VectorParams	32768
17	Array	Array	49152
18	int	size	0
18	VectorParameter	data	32768
19	int	m_NameIndex	0
19	int	m_Index	0
19	int	m_ArraySize	0
19	SInt8	m_Type	0
19	SInt8	m_Dim	16384
16	vector	m_StructParams	32768
17	Array	Array	49152
18	int	size	0
18	StructParameter	data	32768
19	int	m_NameIndex	0
19	int	m_Index	0
19	int	m_ArraySize	0
19	int	m_StructSize	0
19	vector	m_VectorMembers	32768
20	Array	Array	49152
21	int	size	0
21	VectorParameter	data	32768
22	int	m_NameIndex	0
22	int	m_Index	0
22	int	m_ArraySize	0
22	SInt8	m_Type	0
22	SInt8	m_Dim	16384
19	vector	m_MatrixMembers	32768
20	Array	Array	49152
21	int	size	0
21	MatrixParameter	data	32768
22	int	m_NameIndex	0
22	int	m_Index	0
22	int	m_ArraySize	0
22	SInt8	m_Type	0
22	SInt8	m_RowCount	16384
16	int	m_Size	0
16	bool	m_IsPartialCB	16384
13	vector	m_ConstantBufferBindings	32768
14	Array	Array	16384
15	int	size	0
15	BufferBinding	data	0
16	int	m_NameIndex	0
16	int	m_Index	0
16	int	m_ArraySize	0
13	vector	m_UAVParams	32768
14	Array	Array	16384
15	int	size	0
15	UAVParameter	data	0
16	int	m_NameIndex	0
16	int	m_Index	0
16	int	m_OriginalIndex	0
13	vector	m_Samplers	32768
14	Array	Array	16384
15	int	size	0
15	SamplerParameter	data	0
16	unsigned int	sampler	0
16	int	bindPoint	0
12	SInt64	m_ShaderRequirements	0
9	vector	m_PlayerSubPrograms	32768
10	Array	Array	49152
11	int	size	0
11	vector	data	32768
12	Array	Array	49152
13	int	size	0
13	SerializedPlayerSubProgram	data	32768
14	unsigned int	m_BlobIndex	0
14	vector	m_KeywordIndices	32768
15	Array	Array	16384
16	int	size	0
16	UInt16	data	0
14	SInt64	m_ShaderRequirements	0
14	SInt8	m_GpuProgramType	16384
9	vector	m_ParameterBlobIndices	32768
10	Array	Array	49152
11	int	size	0
11	vector	data	32768
12	Array	Array	16384
13	int	size	0
13	unsigned int	data	0
9	SerializedProgramParameters	m_CommonParameters	32768
10	vector	m_VectorParams	32768
11	Array	Array	49152
12	int	size	0
12	VectorParameter	data	32768
13	int	m_NameIndex	0
13	int	m_Index	0
13	int	m_ArraySize	0
13	SInt8	m_Type	0
13	SInt8	m_Dim	16384
10	vector	m_MatrixParams	32768
11	Array	Array	49152
12	int	size	0
12	MatrixParameter	data	32768
13	int	m_NameIndex	0
13	int	m_Index	0
13	int	m_ArraySize	0
13	SInt8	m_Type	0
13	SInt8	m_RowCount	16384
10	vector	m_TextureParams	32768
11	Array	Array	49152
12	int	size	0
12	TextureParameter	data	32768
13	int	m_NameIndex	0
13	int	m_Index	0
13	int	m_SamplerIndex	0
13	bool	m_MultiSampled	0
13	SInt8	m_Dim	16384
10	vector	m_BufferParams	32768
11	Array	Array	16384
12	int	size	0
12	BufferBinding	data	0
13	int	m_NameIndex	0
13	int	m_Index	0
13	int	m_ArraySize	0
10	vector	m_ConstantBuffers	32768
11	Array	Array	49152
12	int	size	0
12	ConstantBuffer	data	32768
13	int	m_NameIndex	0
13	vector	m_MatrixParams	32768
14	Array	Array	49152
15	int	size	0
15	MatrixParameter	data	32768
16	int	m_NameIndex	0
16	int	m_Index	0
16	int	m_ArraySize	0
16	SInt8	m_Type	0
16	SInt8	m_RowCount	16384
13	vector	m_VectorParams	32768
14	Array	Array	49152
15	int	size	0
15	VectorParameter	data	32768
16	int	m_NameIndex	0
16	int	m_Index	0
16	int	m_ArraySize	0
16	SInt8	m_Type	0
16	SInt8	m_Dim	16384
13	vector	m_StructParams	32768
14	Array	Array	49152
15	int	size	0
15	StructParameter	data	32768
16	int	m_NameIndex	0
16	int	m_Index	0
16	int	m_ArraySize	0
16	int	m_StructSize	0
16	vector	m_VectorMembers	32768
17	Array	Array	49152
18	int	size	0
18	VectorParameter	data	32768
19	int	m_NameIndex	0
19	int	m_Index	0
19	int	m_ArraySize	0
19	SInt8	m_Type	0
19	SInt8	m_Dim	16384
16	vector	m_MatrixMembers	32768
17	Array	Array	49152
18	int	size	0
18	MatrixParameter	data	32768
19	int	m_NameIndex	0
19	int	m_Index	0
19	int	m_ArraySize	0
19	SInt8	m_Type	0
19	SInt8	m_RowCount	16384
13	int	m_Size	0
13	bool	m_IsPartialCB	16384
10	vector	m_ConstantBufferBindings	32768
11	Array	Array	16384
12	int	size	0
12	BufferBinding	data	0
13	int	m_NameIndex	0
13	int	m_Index	0
13	int	m_ArraySize	0
10	vector	m_UAVParams	32768
11	Array	Array	16384
12	int	size	0
12	UAVParameter	data	0
13	int	m_NameIndex	0
13	int	m_Index	0
13	int	m_OriginalIndex	0
10	vector	m_Samplers	32768
11	Array	Array	16384
12	int	size	0
12	SamplerParameter	data	0
13	unsigned int	sampler	0
13	int	bindPoint	0
9	vector	m_SerializedKeywordStateMask	32768
10	Array	Array	16384
11	int	size	0
11	UInt16	data	0
8	SerializedProgram	progDomain	32768
9	vector	m_SubPrograms	32768
10	Array	Array	49152
11	int	size	0
11	SerializedSubProgram	data	32768
12	unsigned int	m_BlobIndex	0
12	ParserBindChannels	m_Channels	32768
13	vector	m_Channels	49152
14	Array	Array	16384
15	int	size	0
15	ShaderBindChannel	data	0
16	SInt8	source	0
16	SInt8	target	0
13	int	m_SourceMap	0
12	vector	m_KeywordIndices	32768
13	Array	Array	16384
14	int	size	0
14	UInt16	data	0
12	SInt8	m_ShaderHardwareTier	0
12	SInt8	m_GpuProgramType	16384
12	SerializedProgramParameters	m_Parameters	32768
13	vector	m_VectorParams	32768
14	Array	Array	49152
15	int	size	0
15	VectorParameter	data	32768
16	int	m_NameIndex	0
16	int	m_Index	0
16	int	m_ArraySize	0
16	SInt8	m_Type	0
16	SInt8	m_Dim	16384
13	vector	m_MatrixParams	32768
14	Array	Array	49152
15	int	size	0
15	MatrixParameter	data	32768
16	int	m_NameIndex	0
16	int	m_Index	0
16	int	m_ArraySize	0
16	SInt8	m_Type	0
16	SInt8	m_RowCount	16384
13	vector	m_TextureParams	32768
14	Array	Array	49152
15	int	size	0
15	TextureParameter	data	32768
16	int	m_NameIndex	0
16	int	m_Index	0
16	int	m_SamplerIndex	0
16	bool	m_MultiSampled	0
16	SInt8	m_Dim	16384
13	vector	m_BufferParams	32768
14	Array	Array	16384
15	int	size	0
15	BufferBinding	data	0
16	int	m_NameIndex	0
16	int	m_Index	0
16	int	m_ArraySize	0
13	vector	m_ConstantBuffers	32768
14	Array	Array	49152
15	int	size	0
15	ConstantBuffer	data	32768
16	int	m_NameIndex	0
16	vector	m_MatrixParams	32768
17	Array	Array	49152
18	int	size	0
18	MatrixParameter	data	32768
19	int	m_NameIndex	0
19	int	m_Index	0
19	int	m_ArraySize	0
19	SInt8	m_Type	0
19	SInt8	m_RowCount	16384
16	vector	m_VectorParams	32768
17	Array	Array	49152
18	int	size	0
18	VectorParameter	data	32768
19	int	m_NameIndex	0
19	int	m_Index	0
19	int	m_ArraySize	0
19	SInt8	m_Type	0
19	SInt8	m_Dim	16384
16	vector	m_StructParams	32768
17	Array	Array	49152
18	int	size	0
18	StructParameter	data	32768
19	int	m_NameIndex	0
19	int	m_Index	0
19	int	m_ArraySize	0
19	int	m_StructSize	0
19	vector	m_VectorMembers	32768
20	Array	Array	49152
21	int	size	0
21	VectorParameter	data	32768
22	int	m_NameIndex	0
22	int	m_Index	0
22	int	m_ArraySize	0
22	SInt8	m_Type	0
22	SInt8	m_Dim	16384
19	vector	m_MatrixMembers	32768
20	Array	Array	49152
21	int	size	0
21	MatrixParameter	data	32768
22	int	m_NameIndex	0
22	int	m_Index	0
22	int	m_ArraySize	0
22	SInt8	m_Type	0
22	SInt8	m_RowCount	16384
16	int	m_Size	0
16	bool	m_IsPartialCB	16384
13	vector	m_ConstantBufferBindings	32768
14	Array	Array	16384
15	int	size	0
15	BufferBinding	data	0
16	int	m_NameIndex	0
16	int	m_Index	0
16	int	m_ArraySize	0
13	vector	m_UAVParams	32768
14	Array	Array	16384
15	int	size	0
15	UAVParameter	data	0
16	int	m_NameIndex	0
16	int	m_Index	0
16	int	m_OriginalIndex	0
13	vector	m_Samplers	32768
14	Array	Array	16384
15	int	size	0
15	SamplerParameter	data	0
16	unsigned int	sampler	0
16	int	bindPoint	0
12	SInt64	m_ShaderRequirements	0
9	vector	m_PlayerSubPrograms	32768
10	Array	Array	49152
11	int	size	0
11	vector	data	32768
12	Array	Array	49152
13	int	size	0
13	SerializedPlayerSubProgram	data	32768
14	unsigned int	m_BlobIndex	0
14	vector	m_KeywordIndices	32768
15	Array	Array	16384
16	int	size	0
16	UInt16	data	0
14	SInt64	m_ShaderRequirements	0
14	SInt8	m_GpuProgramType	16384
9	vector	m_ParameterBlobIndices	32768
10	Array	Array	49152
11	int	size	0
11	vector	data	32768
12	Array	Array	16384
13	int	size	0
13	unsigned int	data	0
9	SerializedProgramParameters	m_CommonParameters	32768
10	vector	m_VectorParams	32768
11	Array	Array	49152
12	int	size	0
12	VectorParameter	data	32768
13	int	m_NameIndex	0
13	int	m_Index	0
13	int	m_ArraySize	0
13	SInt8	m_Type	0
13	SInt8	m_Dim	16384
10	vector	m_MatrixParams	32768
11	Array	Array	49152
12	int	size	0
12	MatrixParameter	data	32768
13	int	m_NameIndex	0
13	int	m_Index	0
13	int	m_ArraySize	0
13	SInt8	m_Type	0
13	SInt8	m_RowCount	16384
10	vector	m_TextureParams	32768
11	Array	Array	49152
12	int	size	0
12	TextureParameter	data	32768
13	int	m_NameIndex	0
13	int	m_Index	0
13	int	m_SamplerIndex	0
13	bool	m_MultiSampled	0
13	SInt8	m_Dim	16384
10	vector	m_BufferParams	32768
11	Array	Array	16384
12	int	size	0
12	BufferBinding	data	0
13	int	m_NameIndex	0
13	int	m_Index	0
13	int	m_ArraySize	0
10	vector	m_ConstantBuffers	32768
11	Array	Array	49152
12	int	size	0
12	ConstantBuffer	data	32768
13	int	m_NameIndex	0
13	vector	m_MatrixParams	32768
14	Array	Array	49152
15	int	size	0
15	MatrixParameter	data	32768
16	int	m_NameIndex	0
16	int	m_Index	0
16	int	m_ArraySize	0
16	SInt8	m_Type	0
16	SInt8	m_RowCount	16384
13	vector	m_VectorParams	32768
14	Array	Array	49152
15	int	size	0
15	VectorParameter	data	32768
16	int	m_NameIndex	0
16	int	m_Index	0
16	int	m_ArraySize	0
16	SInt8	m_Type	0
16	SInt8	m_Dim	16384
13	vector	m_StructParams	32768
14	Array	Array	49152
15	int	size	0
15	StructParameter	data	32768
16	int	m_NameIndex	0
16	int	m_Index	0
16	int	m_ArraySize	0
16	int	m_StructSize	0
16	vector	m_VectorMembers	32768
17	Array	Array	49152
18	int	size	0
18	VectorParameter	data	32768
19	int	m_NameIndex	0
19	int	m_Index	0
19	int	m_ArraySize	0
19	SInt8	m_Type	0
19	SInt8	m_Dim	16384
16	vector	m_MatrixMembers	32768
17	Array	Array	49152
18	int	size	0
18	MatrixParameter	data	32768
19	int	m_NameIndex	0
19	int	m_Index	0
19	int	m_ArraySize	0
19	SInt8	m_Type	0
19	SInt8	m_RowCount	16384
13	int	m_Size	0
13	bool	m_IsPartialCB	16384
10	vector	m_ConstantBufferBindings	32768
11	Array	Array	16384
12	int	size	0
12	BufferBinding	data	0
13	int	m_NameIndex	0
13	int	m_Index	0
13	int	m_ArraySize	0
10	vector	m_UAVParams	32768
11	Array	Array	16384
12	int	size	0
12	UAVParameter	data	0
13	int	m_NameIndex	0
13	int	m_Index	0
13	int	m_OriginalIndex	0
10	vector	m_Samplers	32768
11	Array	Array	16384
12	int	size	0
12	SamplerParameter	data	0
13	unsigned int	sampler	0
13	int	bindPoint	0
9	vector	m_SerializedKeywordStateMask	32768
10	Array	Array	16384
11	int	size	0
11	UInt16	data	0
8	SerializedProgram	progRayTracing	32768
9	vector	m_SubPrograms	32768
10	Array	Array	49152
11	int	size	0
11	SerializedSubProgram	data	32768
12	unsigned int	m_BlobIndex	0
12	ParserBindChannels	m_Channels	32768
13	vector	m_Channels	49152
14	Array	Array	16384
15	int	size	0
15	ShaderBindChannel	data	0
16	SInt8	source	0
16	SInt8	target	0
13	int	m_SourceMap	0
12	vector	m_KeywordIndices	32768
13	Array	Array	16384
14	int	size	0
14	UInt16	data	0
12	SInt8	m_ShaderHardwareTier	0
12	SInt8	m_GpuProgramType	16384
12	SerializedProgramParameters	m_Parameters	32768
13	vector	m_VectorParams	32768
14	Array	Array	49152
15	int	size	0
15	VectorParameter	data	32768
16	int	m_NameIndex	0
16	int	m_Index	0
16	int	m_ArraySize	0
16	SInt8	m_Type	0
16	SInt8	m_Dim	16384
13	vector	m_MatrixParams	32768
14	Array	Array	49152
15	int	size	0
15	MatrixParameter	data	32768
16	int	m_NameIndex	0
16	int	m_Index	0
16	int	m_ArraySize	0
16	SInt8	m_Type	0
16	SInt8	m_RowCount	16384
13	vector	m_TextureParams	32768
14	Array	Array	49152
15	int	size	0
15	TextureParameter	data	32768
16	int	m_NameIndex	0
16	int	m_Index	0
16	int	m_SamplerIndex	0
16	bool	m_MultiSampled	0
16	SInt8	m_Dim	16384
13	vector	m_BufferParams	32768
14	Array	Array	16384
15	int	size	0
15	BufferBinding	data	0
16	int	m_NameIndex	0
16	int	m_Index	0
16	int	m_ArraySize	0
13	vector	m_ConstantBuffers	32768
14	Array	Array	49152
15	int	size	0
15	ConstantBuffer	data	32768
16	int	m_NameIndex	0
16	vector	m_MatrixParams	32768
17	Array	Array	49152
18	int	size	0
18	MatrixParameter	data	32768
19	int	m_NameIndex	0
19	int	m_Index	0
19	int	m_ArraySize	0
19	SInt8	m_Type	0
19	SInt8	m_RowCount	16384
16	vector	m_VectorParams	32768
17	Array	Array	49152
18	int	size	0
18	VectorParameter	data	32768
19	int	m_NameIndex	0
19	int	m_Index	0
19	int	m_ArraySize	0
19	SInt8	m_Type	0
19	SInt8	m_Dim	16384
16	vector	m_StructParams	32768
17	Array	Array	49152
18	int	size	0
18	StructParameter	data	32768
19	int	m_NameIndex	0
19	int	m_Index	0
19	int	m_ArraySize	0
19	int	m_StructSize	0
19	vector	m_VectorMembers	32768
20	Array	Array	49152
21	int	size	0
21	VectorParameter	data	32768
22	int	m_NameIndex	0
22	int	m_Index	0
22	int	m_ArraySize	0
22	SInt8	m_Type	0
22	SInt8	m_Dim	16384
19	vector	m_MatrixMembers	32768
20	Array	Array	49152
21	int	size	0
21	MatrixParameter	data	32768
22	int	m_NameIndex	0
22	int	m_Index	0
22	int	m_ArraySize	0
22	SInt8	m_Type	0
22	SInt8	m_RowCount	16384
16	int	m_Size	0
16	bool	m_IsPartialCB	16384
13	vector	m_ConstantBufferBindings	32768
14	Array	Array	16384
15	int	size	0
15	BufferBinding	data	0
16	int	m_NameIndex	0
16	int	m_Index	0
16	int	m_ArraySize	0
13	vector	m_UAVParams	32768
14	Array	Array	16384
15	int	size	0
15	UAVParameter	data	0
16	int	m_NameIndex	0
16	int	m_Index	0
16	int	m_OriginalIndex	0
13	vector	m_Samplers	32768
14	Array	Array	16384
15	int	size	0
15	SamplerParameter	data	0
16	unsigned int	sampler	0
16	int	bindPoint	0
12	SInt64	m_ShaderRequirements	0
9	vector	m_PlayerSubPrograms	32768
10	Array	Array	49152
11	int	size	0
11	vector	data	32768
12	Array	Array	49152
13	int	size	0
13	SerializedPlayerSubProgram	data	32768
14	unsigned int	m_BlobIndex	0
14	vector	m_KeywordIndices	32768
15	Array	Array	16384
16	int	size	0
16	UInt16	data	0
14	SInt64	m_ShaderRequirements	0
14	SInt8	m_GpuProgramType	16384
9	vector	m_ParameterBlobIndices	32768
10	Array	Array	49152
11	int	size	0
11	vector	data	32768
12	Array	Array	16384
13	int	size	0
13	unsigned int	data	0
9	SerializedProgramParameters	m_CommonParameters	32768
10	vector	m_VectorParams	32768
11	Array	Array	49152
12	int	size	0
12	VectorParameter	data	32768
13	int	m_NameIndex	0
13	int	m_Index	0
13	int	m_ArraySize	0
13	SInt8	m_Type	0
13	SInt8	m_Dim	16384
10	vector	m_MatrixParams	32768
11	Array	Array	49152
12	int	size	0
12	MatrixParameter	data	32768
13	int	m_NameIndex	0
13	int	m_Index	0
13	int	m_ArraySize	0
13	SInt8	m_Type	0
13	SInt8	m_RowCount	16384
10	vector	m_TextureParams	32768
11	Array	Array	49152
12	int	size	0
12	TextureParameter	data	32768
13	int	m_NameIndex	0
13	int	m_Index	0
13	int	m_SamplerIndex	0
13	bool	m_MultiSampled	0
13	SInt8	m_Dim	16384
10	vector	m_BufferParams	32768
11	Array	Array	16384
12	int	size	0
12	BufferBinding	data	0
13	int	m_NameIndex	0
13	int	m_Index	0
13	int	m_ArraySize	0
10	vector	m_ConstantBuffers	32768
11	Array	Array	49152
12	int	size	0
12	ConstantBuffer	data	32768
13	int	m_NameIndex	0
13	vector	m_MatrixParams	32768
14	Array	Array	49152
15	int	size	0
15	MatrixParameter	data	32768
16	int	m_NameIndex	0
16	int	m_Index	0
16	int	m_ArraySize	0
16	SInt8	m_Type	0
16	SInt8	m_RowCount	16384
13	vector	m_VectorParams	32768
14	Array	Array	49152
15	int	size	0
15	VectorParameter	data	32768
16	int	m_NameIndex	0
16	int	m_Index	0
16	int	m_ArraySize	0
16	SInt8	m_Type	0
16	SInt8	m_Dim	16384
13	vector	m_StructParams	32768
14	Array	Array	49152
15	int	size	0
15	StructParameter	data	32768
16	int	m_NameIndex	0
16	int	m_Index	0
16	int	m_ArraySize	0
16	int	m_StructSize	0
16	vector	m_VectorMembers	32768
17	Array	Array	49152
18	int	size	0
18	VectorParameter	data	32768
19	int	m_NameIndex	0
19	int	m_Index	0
19	int	m_ArraySize	0
19	SInt8	m_Type	0
19	SInt8	m_Dim	16384
16	vector	m_MatrixMembers	32768
17	Array	Array	49152
18	int	size	0
18	MatrixParameter	data	32768
19	int	m_NameIndex	0
19	int	m_Index	0
19	int	m_ArraySize	0
19	SInt8	m_Type	0
19	SInt8	m_RowCount	16384
13	int	m_Size	0
13	bool	m_IsPartialCB	16384
10	vector	m_ConstantBufferBindings	32768
11	Array	Array	16384
12	int	size	0
12	BufferBinding	data	0
13	int	m_NameIndex	0
13	int	m_Index	0
13	int	m_ArraySize	0
10	vector	m_UAVParams	32768
11	Array	Array	16384
12	int	size	0
12	UAVParameter	data	0
13	int	m_NameIndex	0
13	int	m_Index	0
13	int	m_OriginalIndex	0
10	vector	m_Samplers	32768
11	Array	Array	16384
12	int	size	0
12	SamplerParameter	data	0
13	unsigned int	sampler	0
13	int	bindPoint	0
9	vector	m_SerializedKeywordStateMask	32768
10	Array	Array	16384
11	int	size	0
11	UInt16	data	0
8	bool	m_HasInstancingVariant	0
8	bool	m_HasProceduralInstancingVariant	16384
8	string	m_UseName	32768
9	Array	Array	16385
10	int	size	1
10	char	data	1
8	string	m_Name	32768
9	Array	Array	16385
10	int	size	1
10	char	data	1
8	string	m_TextureName	32768
9	Array	Array	16385
10	int	size	1
10	char	data	1
8	SerializedTagMap	m_Tags	32768
9	map	tags	32768
10	Array	Array	32768
11	int	size	0
11	pair	data	32768
12	string	first	32768
13	Array	Array	16385
14	int	size	1
14	char	data	1
12	string	second	32768
13	Array	Array	16385
14	int	size	1
14	char	data	1
5	SerializedTagMap	m_Tags	32768
6	map	tags	32768
7	Array	Array	32768
8	int	size	0
8	pair	data	32768
9	string	first	32768
10	Array	Array	16385
11	int	size	1
11	char	data	1
9	string	second	32768
10	Array	Array	16385
11	int	size	1
11	char	data	1
5	int	m_LOD	0
2	vector	m_KeywordNames	32768
3	Array	Array	49152
4	int	size	0
4	string	data	32768
5	Array	Array	16385
6	int	size	1
6	char	data	1
2	vector	m_KeywordFlags	32768
3	Array	Array	16384
4	int	size	0
4	UInt8	data	0
2	string	m_Name	32768
3	Array	Array	16385
4	int	size	1
4	char	data	1
2	string	m_CustomEditorName	32768
3	Array	Array	16385
4	int	size	1
4	char	data	1
2	string	m_FallbackName	32768
3	Array	Array	16385
4	int	size	1
4	char	data	1
2	vector	m_Dependencies	32768
3	Array	Array	49152
4	int	size	0
4	SerializedShaderDependency	data	32768
5	string	from	32768
6	Array	Array	16385
7	int	size	1
7	char	data	1
5	string	to	32768
6	Array	Array	16385
7	int	size	1
7	char	data	1
2	vector	m_CustomEditorForRenderPipelines	32768
3	Array	Array	49152
4	int	size	0
4	SerializedCustomEditorForRenderPipeline	data	32768
5	string	customEditorName	32768
6	Array	Array	16385
7	int	size	1
7	char	data	1
5	string	renderPipelineType	32768
6	Array	Array	16385
7	int	size	1
7	char	data	1
2	bool	m_DisableNoSubshadersMessage	16384
1	vector	platforms	32768
2	Array	Array	16384
3	int	size	0
3	unsigned int	data	0
1	vector	offsets	32768
2	Array	Array	49152
3	int	size	0
3	vector	data	32768
4	Array	Array	16384
5	int	size	0
5	unsigned int	data	0
1	vector	compressedLengths	32768
2	Array	Array	49152
3	int	size	0
3	vector	data	32768
4	Array	Array	16384
5	int	size	0
5	unsigned int	data	0
1	vector	decompressedLengths	32768
2	Array	Array	49152
3	int	size	0
3	vector	data	32768
4	Array	Array	16384
5	int	size	0
5	unsigned int	data	0
1	vector	compressedBlob	32768
2	Array	Array	16384
3	int	size	0
3	UInt8	data	0
1	vector	stageCounts	32768
2	Array	Array	16384
3	int	size	0
3	unsigned int	data	0
1	vector	m_Dependencies	32768
2	Array	Array	16384
3	int	size	0
3	PPtr<Shader>	data	0
4	int	m_FileID	8388609
4	SInt64	m_PathID	8388609
1	map	m_NonModifiableTextures	32768
2	Array	Array	32768
3	int	size	0
3	pair	data	32768
4	string	first	32768
5	Array	Array	16385
6	int	size	1
6	char	data	1
4	PPtr<Texture>	second	0
5	int	m_FileID	8388609
5	SInt64	m_PathID	8388609
1	bool	m_ShaderIsBaked	16384
1	GUID	m_AssetGUID	0
2	unsigned int	data[0]	0
2	unsigned int	data[1]	0
2	unsigned int	data[2]	0
2	unsigned int	data[3]	0
class	6000.0.61f1	49	TextAsset
0	TextAsset	Base	32768
1	string	m_Name	557057
2	Array	Array	540673
3	int	size	524289
3	char	data	524289
1	string	m_Script	67141633
2	Array	Array	67125249
3	int	size	67108865
3	char	data	67108865
class	6000.0.61f1	50	Rigidbody2D
0	Rigidbody2D	Base	32768
1	PPtr<GameObject>	m_GameObject	65
2	int	m_FileID	65
2	SInt64	m_PathID	65
1	int	m_BodyType	8388608
1	bool	m_Simulated	0
1	bool	m_UseFullKinematicContacts	0
1	bool	m_UseAutoMass	16384
1	float	m_Mass	0
1	float	m_LinearDamping	0
1	float	m_AngularDamping	0
1	float	m_GravityScale	0
1	PPtr<PhysicsMaterial2D>	m_Material	0
2	int	m_FileID	8388609
2	SInt64	m_PathID	8388609
1	BitField	m_IncludeLayers	8388608
2	unsigned int	m_Bits	12582913
1	BitField	m_ExcludeLayers	8388608
2	unsigned int	m_Bits	12582913
1	int	m_Interpolate	0
1	int	m_SleepingMode	0
1	int	m_CollisionDetection	0
1	int	m_Constraints	12582912
class	6000.0.61f1	55	PhysicsManager
0	PhysicsManager	Base	32768
1	Vector3f	m_Gravity	2097152
2	float	x	2097152
2	float	y	2097152
2	float	z	2097152
1	PPtr<PhysicsMaterial>	m_DefaultMaterial	0
2	int	m_FileID	8388609
2	SInt64	m_PathID	8388609
1	float	m_BounceThreshold	0
1	float	m_DefaultMaxDepenetrationVelocity	0
1	float	m_SleepThreshold	0
1	float	m_DefaultContactOffset	0
1	int	m_DefaultSolverIterations	0
1	int	m_DefaultSolverVelocityIterations	0
1	bool	m_QueriesHitBackfaces	0
1	bool	m_QueriesHitTriggers	0
1	bool	m_EnableAdaptiveForce	16384
1	float	m_ClothInterCollisionDistance	0
1	float	m_ClothInterCollisionStiffness	16384
1	vector	m_LayerCollisionMatrix	32769
2	Array	Array	16385
3	int	size	1
3	unsigned int	data	1
1	int	m_SimulationMode	16384
1	bool	m_AutoSyncTransforms	0
1	bool	m_ReuseCollisionCallbacks	0
1	bool	m_InvokeCollisionCallbacks	0
1	bool	m_ClothInterCollisionSettingsToggle	8404992
1	Vector3f	m_ClothGravity	2097152
2	float	x	2097152
2	float	y	2097152
2	float	z	2097152
1	int	m_ContactPairsMode	0
1	int	m_BroadphaseType	0
1	AABB	m_WorldBounds	0
2	Vector3f	m_Center	2097152
3	float	x	2097152
3	float	y	2097152
3	float	z	2097152
2	Vector3f	m_Extent	2097152
3	float	x	2097152
3	float	y	2097152
3	float	z	2097152
1	int	m_WorldSubdivisions	16384
1	int	m_FrictionType	0
1	bool	m_EnableEnhancedDeterminism	0
1	bool	m_ImprovedPatchFriction	0
1	bool	m_GenerateOnTriggerStayEvents	16384
1	int	m_SolverType	16384
1	float	m_DefaultMaxAngularSpeed	0
1	unsigned int	m_ScratchBufferChunkCount	0
1	unsigned int	m_CurrentBackendId	0
1	float	m_FastMotionThreshold	0
class	6000.0.61f1	58	CircleCollider2D
0	CircleCollider2D	Base	32768
1	PPtr<GameObject>	m_GameObject	65
2	int	m_FileID	65
2	SInt64	m_PathID	65
1	UInt8	m_Enabled	16641
1	float	m_Density	0
1	PPtr<PhysicsMaterial2D>	m_Material	0
2	int	m_FileID	8388609
2	SInt64	m_PathID	8388609
1	BitField	m_IncludeLayers	8388608
2	unsigned int	m_Bits	12582913
1	BitField	m_ExcludeLayers	8388608
2	unsigned int	m_Bits	12582913
1	int	m_LayerOverridePriority	8388608
1	BitField	m_ForceSendLayers	8388608
2	unsigned int	m_Bits	12582913
1	BitField	m_ForceReceiveLayers	8388608
2	unsigned int	m_Bits	12582913
1	BitField	m_ContactCaptureLayers	8388608
2	unsigned int	m_Bits	12582913
1	BitField	m_CallbackLayers	8388608
2	unsigned int	m_Bits	12582913
1	bool	m_IsTrigger	0
1	bool	m_UsedByEffector	16384
1	int	m_CompositeOperation	8388608
1	int	m_CompositeOrder	8388608
1	Vector2f	m_Offset	2097152
2	float	x	2097152
2	float	y	2097152
1	float	m_Radius	0
class	6000.0.61f1	60	PolygonCollider2D
0	PolygonCollider2D	Base	32768
1	PPtr<GameObject>	m_GameObject	65
2	int	m_FileID	65
2	SInt64	m_PathID	65
1	UInt8	m_Enabled	16641
1	float	m_Density	0
1	PPtr<PhysicsMaterial2D>	m_Material	0
2	int	m_FileID	8388609
2	SInt64	m_PathID	8388609
1	BitField	m_IncludeLayers	8388608
2	unsigned int	m_Bits	12582913
1	BitField	m_ExcludeLayers	8388608
2	unsigned int	m_Bits	12582913
1	int	m_LayerOverridePriority	8388608
1	BitField	m_ForceSendLayers	8388608
2	unsigned int	m_Bits	12582913
1	BitField	m_ForceReceiveLayers	8388608
2	unsigned int	m_Bits	12582913
1	BitField	m_ContactCaptureLayers	8388608
2	unsigned int	m_Bits	12582913
1	BitField	m_CallbackLayers	8388608
2	unsigned int	m_Bits	12582913
1	bool	m_IsTrigger	0
1	bool	m_UsedByEffector	16384
1	int	m_CompositeOperation	8388608
1	int	m_CompositeOrder	8388608
1	Vector2f	m_Offset	2097152
2	float	x	2097152
2	float	y	2097152
1	SpriteTilingProperty	m_SpriteTilingProperty	8421393
2	Vector4f	border	10485777
3	float	x	10485777
3	float	y	10485777
3	float	z	10485777
3	float	w	10485777
2	Vector2f	pivot	10485777
3	float	x	10485777
3	float	y	10485777
2	Vector2f	oldSize	10485777
3	float	x	10485777
3	float	y	10485777
2	Vector2f	newSize	10485777
3	float	x	10485777
3	float	y	10485777
2	float	adaptiveTilingThreshold	8388625
2	int	drawMode	8388625
2	bool	adaptiveTiling	8405009
1	bool	m_AutoTiling	8404992
1	Polygon2D	m_Points	32768
2	vector	m_Paths	32768
3	Array	Array	49152
4	int	size	0
4	vector	data	32768
5	Array	Array	16384
6	int	size	0
6	Vector2f	data	2097152
7	float	x	2097152
7	float	y	2097152
1	bool	m_UseDelaunayMesh	8404992
class	6000.0.61f1	61	BoxCollider2D
0	BoxCollider2D	Base	32768
1	PPtr<GameObject>	m_GameObject	65
2	int	m_FileID	65
2	SInt64	m_PathID	65
1	UInt8	m_Enabled	16641
1	float	m_Density	0
1	PPtr<PhysicsMaterial2D>	m_Material	0
2	int	m_FileID	8388609
2	SInt64	m_PathID	8388609
1	BitField	m_IncludeLayers	8388608
2	unsigned int	m_Bits	12582913
1	BitField	m_ExcludeLayers	8388608
2	unsigned int	m_Bits	12582913
1	int	m_LayerOverridePriority	8388608
1	BitField	m_ForceSendLayers	8388608
2	unsigned int	m_Bits	12582913
1	BitField	m_ForceReceiveLayers	8388608
2	unsigned int	m_Bits	12582913
1	BitField	m_ContactCaptureLayers	8388608
2	unsigned int	m_Bits	12582913
1	BitField	m_CallbackLayers	8388608
2	unsigned int	m_Bits	12582913
1	bool	m_IsTrigger	0
1	bool	m_UsedByEffector	16384
1	int	m_CompositeOperation	8388608
1	int	m_CompositeOrder	8388608
1	Vector2f	m_Offset	2097152
2	float	x	2097152
2	float	y	2097152
1	SpriteTilingProperty	m_SpriteTilingProperty	8421393
2	Vector4f	border	10485777
3	float	x	10485777
3	float	y	10485777
3	float	z	10485777
3	float	w	10485777
2	Vector2f	pivot	10485777
3	float	x	10485777
3	float	y	10485777
2	Vector2f	oldSize	10485777
3	float	x	10485777
3	float	y	10485777
2	Vector2f	newSize	10485777
3	float	x	10485777
3	float	y	10485777
2	float	adaptiveTilingThreshold	8388625
2	int	drawMode	8388625
2	bool	adaptiveTiling	8405009
1	bool	m_AutoTiling	8404992
1	Vector2f	m_Size	2097152
2	float	x	2097152
2	float	y	2097152
1	float	m_EdgeRadius	0
class	6000.0.61f1	62	PhysicsMaterial2D
0	PhysicsMaterial2D	Base	32768
1	string	m_Name	557057
2	Array	Array	540673
3	int	size	524289
3	char	data	524289
1	float	friction	0
1	float	bounciness	0
1	int	m_FrictionCombine	0
1	int	m_BounceCombine	0
class	6000.0.61f1	64	MeshCollider
0	MeshCollider	Base	32768
1	PPtr<GameObject>	m_GameObject	65
2	int	m_FileID	65
2	SInt64	m_PathID	65
1	PPtr<PhysicsMaterial>	m_Material	0
2	int	m_FileID	8388609
2	SInt64	m_PathID	8388609
1	BitField	m_IncludeLayers	8388608
2	unsigned int	m_Bits	12582913
1	BitField	m_ExcludeLayers	8388608
2	unsigned int	m_Bits	12582913
1	int	m_LayerOverridePriority	8388608
1	bool	m_IsTrigger	0
1	bool	m_ProvidesContacts	8404992
1	bool	m_Enabled	16641
1	bool	m_Convex	16384
1	int	m_CookingOptions	8404992
1	PPtr<Mesh>	m_Mesh	0
2	int	m_FileID	8388609
2	SInt64	m_PathID	8388609
class	6000.0.61f1	68	EdgeCollider2D
0	EdgeCollider2D	Base	32768
1	PPtr<GameObject>	m_GameObject	65
2	int	m_FileID	65
2	SInt64	m_PathID	65
1	UInt8	m_Enabled	16641
1	float	m_Density	0
1	PPtr<PhysicsMaterial2D>	m_Material	0
2	int	m_FileID	8388609
2	SInt64	m_PathID	8388609
1	BitField	m_IncludeLayers	8388608
2	unsigned int	m_Bits	12582913
1	BitField	m_ExcludeLayers	8388608
2	unsigned int	m_Bits	12582913
1	int	m_LayerOverridePriority	8388608
1	BitField	m_ForceSendLayers	8388608
2	unsigned int	m_Bits	12582913
1	BitField	m_ForceReceiveLayers	8388608
2	unsigned int	m_Bits	12582913
1	BitField	m_ContactCaptureLayers	8388608
2	unsigned int	m_Bits	12582913
1	BitField	m_CallbackLayers	8388608
2	unsigned int	m_Bits	12582913
1	bool	m_IsTrigger	0
1	bool	m_UsedByEffector	16384
1	int	m_CompositeOperation	8388608
1	int	m_CompositeOrder	8388608
1	Vector2f	m_Offset	2097152
2	float	x	2097152
2	float	y	2097152
1	float	m_EdgeRadius	0
1	vector	m_Points	32768
2	Array	Array	16384
3	int	size	0
3	Vector2f	data	2097152
4	float	x	2097152
4	float	y	2097152
1	Vector2f	m_AdjacentStartPoint	2097152
2	float	x	2097152
2	float	y	2097152
1	Vector2f	m_AdjacentEndPoint	2097152
2	float	x	2097152
2	float	y	2097152
1	bool	m_UseAdjacentStartPoint	0
1	bool	m_UseAdjacentEndPoint	16384
class	6000.0.61f1	74	AnimationClip
0	AnimationClip	Base	32768
1	string	m_Name	557057
2	Array	Array	540673
3	int	size	524289
3	char	data	524289
1	bool	m_Legacy	0
1	bool	m_Compressed	16
1	bool	m_UseHighQualityCurve	16400
1	vector	m_RotationCurves	32769
2	Array	Array	49153
3	int	size	1
3	QuaternionCurve	data	32769
4	AnimationCurve	curve	32769
5	vector	m_Curve	32769
6	Array	Array	16385
7	int	size	1
7	Keyframe	data	1
8	float	time	1
8	Quaternionf	value	2097153
9	float	x	2097153
9	float	y	2097153
9	float	z	2097153
9	float	w	2097153
8	Quaternionf	inSlope	2097153
9	float	x	2097153
9	float	y	2097153
9	float	z	2097153
9	float	w	2097153
8	Quaternionf	outSlope	2097153
9	float	x	2097153
9	float	y	2097153
9	float	z	2097153
9	float	w	2097153
8	int	weightedMode	1
8	Quaternionf	inWeight	2097153
9	float	x	2097153
9	float	y	2097153
9	float	z	2097153
9	float	w	2097153
8	Quaternionf	outWeight	2097153
9	float	x	2097153
9	float	y	2097153
9	float	z	2097153
9	float	w	2097153
5	int	m_PreInfinity	1
5	int	m_PostInfinity	1
5	int	m_RotationOrder	1
4	string	path	32769
5	Array	Array	16385
6	int	size	1
6	char	data	1
1	vector	m_CompressedRotationCurves	32769
2	Array	Array	49153
3	int	size	1
3	CompressedAnimationCurve	data	32769
4	string	m_Path	32769
5	Array	Array	16385
6	int	size	1
6	char	data	1
4	PackedBitVector	m_Times	32769
5	unsigned int	m_NumItems	1
5	vector	m_Data	32769
6	Array	Array	16385
7	int	size	1
7	UInt8	data	1
5	UInt8	m_BitSize	16385
4	PackedBitVector	m_Values	32769
5	unsigned int	m_NumItems	1
5	vector	m_Data	49153
6	Array	Array	16385
7	int	size	1
7	UInt8	data	1
4	PackedBitVector	m_Slopes	32769
5	unsigned int	m_NumItems	1
5	float	m_Range	1
5	float	m_Start	1
5	vector	m_Data	32769
6	Array	Array	16385
7	int	size	1
7	UInt8	data	1
5	UInt8	m_BitSize	16385
4	int	m_PreInfinity	1
4	int	m_PostInfinity	1
1	vector	m_EulerCurves	32769
2	Array	Array	49153
3	int	size	1
3	Vector3Curve	data	32769
4	AnimationCurve	curve	32769
5	vector	m_Curve	32769
6	Array	Array	16385
7	int	size	1
7	Keyframe	data	1
8	float	time	1
8	Vector3f	value	2097153
9	float	x	2097153
9	float	y	2097153
9	float	z	2097153
8	Vector3f	inSlope	2097153
9	float	x	2097153
9	float	y	2097153
9	float	z	2097153
8	Vector3f	outSlope	2097153
9	float	x	2097153
9	float	y	2097153
9	float	z	2097153
8	int	weightedMode	1
8	Vector3f	inWeight	2097153
9	float	x	2097153
9	float	y	2097153
9	float	z	2097153
8	Vector3f	outWeight	2097153
9	float	x	2097153
9	float	y	2097153
9	float	z	2097153
5	int	m_PreInfinity	1
5	int	m_PostInfinity	1
5	int	m_RotationOrder	1
4	string	path	32769
5	Array	Array	16385
6	int	size	1
6	char	data	1
1	vector	m_PositionCurves	32769
2	Array	Array	49153
3	int	size	1
3	Vector3Curve	data	32769
4	AnimationCurve	curve	32769
5	vector	m_Curve	32769
6	Array	Array	16385
7	int	size	1
7	Keyframe	data	1
8	float	time	1
8	Vector3f	value	2097153
9	float	x	2097153
9	float	y	2097153
9	float	z	2097153
8	Vector3f	inSlope	2097153
9	float	x	2097153
9	float	y	2097153
9	float	z	2097153
8	Vector3f	outSlope	2097153
9	float	x	2097153
9	float	y	2097153
9	float	z	2097153
8	int	weightedMode	1
8	Vector3f	inWeight	2097153
9	float	x	2097153
9	float	y	2097153
9	float	z	2097153
8	Vector3f	outWeight	2097153
9	float	x	2097153
9	float	y	2097153
9	float	z	2097153
5	int	m_PreInfinity	1
5	int	m_PostInfinity	1
5	int	m_RotationOrder	1
4	string	path	32769
5	Array	Array	16385
6	int	size	1
6	char	data	1
1	vector	m_ScaleCurves	32769
2	Array	Array	49153
3	int	size	1
3	Vector3Curve	data	32769
4	AnimationCurve	curve	32769
5	vector	m_Curve	32769
6	Array	Array	16385
7	int	size	1
7	Keyframe	data	1
8	float	time	1
8	Vector3f	value	2097153
9	float	x	2097153
9	float	y	2097153
9	float	z	2097153
8	Vector3f	inSlope	2097153
9	float	x	2097153
9	float	y	2097153
9	float	z	2097153
8	Vector3f	outSlope	2097153
9	float	x	2097153
9	float	y	2097153
9	float	z	2097153
8	int	weightedMode	1
8	Vector3f	inWeight	2097153
9	float	x	2097153
9	float	y	2097153
9	float	z	2097153
8	Vector3f	outWeight	2097153
9	float	x	2097153
9	float	y	2097153
9	float	z	2097153
5	int	m_PreInfinity	1
5	int	m_PostInfinity	1
5	int	m_RotationOrder	1
4	string	path	32769
5	Array	Array	16385
6	int	size	1
6	char	data	1
1	vector	m_FloatCurves	32769
2	Array	Array	49153
3	int	size	1
3	FloatCurve	data	32769
4	AnimationCurve	curve	32769
5	vector	m_Curve	32769
6	Array	Array	16385
7	int	size	1
7	Keyframe	data	1
8	float	time	1
8	float	value	1
8	float	inSlope	1
8	float	outSlope	1
8	int	weightedMode	1
8	float	inWeight	1
8	float	outWeight	1
5	int	m_PreInfinity	1
5	int	m_PostInfinity	1
5	int	m_RotationOrder	1
4	string	attribute	32769
5	Array	Array	16385
6	int	size	1
6	char	data	1
4	string	path	32769
5	Array	Array	16385
6	int	size	1
6	char	data	1
4	Type*	classID	1
4	PPtr<MonoScript>	script	1
5	int	m_FileID	8388609
5	SInt64	m_PathID	8388609
4	int	flags	1
1	vector	m_PPtrCurves	32769
2	Array	Array	49153
3	int	size	1
3	PPtrCurve	data	32769
4	vector	curve	32769
5	Array	Array	16385
6	int	size	1
6	PPtrKeyframe	data	1
7	float	time	1
7	PPtr<Object>	value	1
8	int	m_FileID	8388609
8	SInt64	m_PathID	8388609
4	string	attribute	32769
5	Array	Array	16385
6	int	size	1
6	char	data	1
4	string	path	32769
5	Array	Array	16385
6	int	size	1
6	char	data	1
4	Type*	classID	1
4	PPtr<MonoScript>	script	1
5	int	m_FileID	8388609
5	SInt64	m_PathID	8388609
4	int	flags	1
1	float	m_SampleRate	0
1	int	m_WrapMode	0
1	AABB	m_Bounds	0
2	Vector3f	m_Center	2097152
3	float	x	2097152
3	float	y	2097152
3	float	z	2097152
2	Vector3f	m_Extent	2097152
3	float	x	2097152
3	float	y	2097152
3	float	z	2097152
1	unsigned int	m_MuscleClipSize	0
1	ClipMuscleConstant	m_MuscleClip	32768
2	HumanPose	m_DeltaPose	0
3	xform	m_RootX	0
4	float3	t	2097152
5	float	x	2097152
5	float	y	2097152
5	float	z	2097152
4	float4	q	2097152
5	float	x	2097152
5	float	y	2097152
5	float	z	2097152
5	float	w	2097152
4	float3	s	2097152
5	float	x	2097152
5	float	y	2097152
5	float	z	2097152
3	float3	m_LookAtPosition	2097152
4	float	x	2097152
4	float	y	2097152
4	float	z	2097152
3	float4	m_LookAtWeight	2097152
4	float	x	2097152
4	float	y	2097152
4	float	z	2097152
4	float	w	2097152
3	staticvector	m_GoalArray	0
4	Array	Array	0
5	int	size	0
5	HumanGoal	data	0
6	xform	m_X	0
7	float3	t	2097152
8	float	x	2097152
8	float	y	2097152
8	float	z	2097152
7	float4	q	2097152
8	float	x	2097152
8	float	y	2097152
8	float	z	2097152
8	float	w	2097152
7	float3	s	2097152
8	float	x	2097152
8	float	y	2097152
8	float	z	2097152
6	float	m_WeightT	0
6	float	m_WeightR	0
6	float3	m_HintT	2097152
7	float	x	2097152
7	float	y	2097152
7	float	z	2097152
6	float	m_HintWeightT	0
3	HandPose	m_LeftHandPose	0
4	xform	m_GrabX	0
5	float3	t	2097152
6	float	x	2097152
6	float	y	2097152
6	float	z	2097152
5	float4	q	2097152
6	float	x	2097152
6	float	y	2097152
6	float	z	2097152
6	float	w	2097152
5	float3	s	2097152
6	float	x	2097152
6	float	y	2097152
6	float	z	2097152
4	staticvector	m_DoFArray	0
5	Array	Array	0
6	int	size	0
6	float	data	0
4	float	m_Override	0
4	float	m_CloseOpen	0
4	float	m_InOut	0
4	float	m_Grab	0
3	HandPose	m_RightHandPose	0
4	xform	m_GrabX	0
5	float3	t	2097152
6	float	x	2097152
6	float	y	2097152
6	float	z	2097152
5	float4	q	2097152
6	float	x	2097152
6	float	y	2097152
6	float	z	2097152
6	float	w	2097152
5	float3	s	2097152
6	float	x	2097152
6	float	y	2097152
6	float	z	2097152
4	staticvector	m_DoFArray	0
5	Array	Array	0
6	int	size	0
6	float	data	0
4	float	m_Override	0
4	float	m_CloseOpen	0
4	float	m_InOut	0
4	float	m_Grab	0
3	staticvector	m_DoFArray	0
4	Array	Array	0
5	int	size	0
5	float	data	0
3	staticvector	m_TDoFArray	0
4	Array	Array	0
5	int	size	0
5	float3	data	2097152
6	float	x	2097152
6	float	y	2097152
6	float	z	2097152
2	xform	m_StartX	0
3	float3	t	2097152
4	float	x	2097152
4	float	y	2097152
4	float	z	2097152
3	float4	q	2097152
4	float	x	2097152
4	float	y	2097152
4	float	z	2097152
4	float	w	2097152
3	float3	s	2097152
4	float	x	2097152
4	float	y	2097152
4	float	z	2097152
2	xform	m_StopX	0
3	float3	t	2097152
4	float	x	2097152
4	float	y	2097152
4	float	z	2097152
3	float4	q	2097152
4	float	x	2097152
4	float	y	2097152
4	float	z	2097152
4	float	w	2097152
3	float3	s	2097152
4	float	x	2097152
4	float	y	2097152
4	float	z	2097152
2	xform	m_LeftFootStartX	0
3	float3	t	2097152
4	float	x	2097152
4	float	y	2097152
4	float	z	2097152
3	float4	q	2097152
4	float	x	2097152
4	float	y	2097152
4	float	z	2097152
4	float	w	2097152
3	float3	s	2097152
4	float	x	2097152
4	float	y	2097152
4	float	z	2097152
2	xform	m_RightFootStartX	0
3	float3	t	2097152
4	float	x	2097152
4	float	y	2097152
4	float	z	2097152
3	float4	q	2097152
4	float	x	2097152
4	float	y	2097152
4	float	z	2097152
4	float	w	2097152
3	float3	s	2097152
4	float	x	2097152
4	float	y	2097152
4	float	z	2097152
2	float3	m_AverageSpeed	2097152
3	float	x	2097152
3	float	y	2097152
3	float	z	2097152
2	OffsetPtr	m_Clip	0
3	Clip	data	0
4	StreamedClip	m_StreamedClip	0
5	vector	data	0
6	Array	Array	0
7	int	size	0
7	unsigned int	data	0
5	UInt16	curveCount	0
5	UInt16	discreteCurveCount	0
4	DenseClip	m_DenseClip	0
5	int	m_FrameCount	0
5	unsigned int	m_CurveCount	0
5	float	m_SampleRate	0
5	float	m_BeginTime	0
5	vector	m_SampleArray	0
6	Array	Array	0
7	int	size	0
7	float	data	0
4	ConstantClip	m_ConstantClip	0
5	vector	data	0
6	Array	Array	0
7	int	size	0
7	float	data	0
2	float	m_StartTime	0
2	float	m_StopTime	0
2	float	m_OrientationOffsetY	0
2	float	m_Level	0
2	float	m_CycleOffset	0
2	float	m_AverageAngularSpeed	0
2	staticvector	m_IndexArray	0
3	Array	Array	0
4	int	size	0
4	int	data	0
2	vector	m_ValueArrayDelta	0
3	Array	Array	0
4	int	size	0
4	ValueDelta	data	0
5	float	m_Start	0
5	float	m_Stop	0
2	vector	m_ValueArrayReferencePose	0
3	Array	Array	0
4	int	size	0
4	float	data	0
2	bool	m_Mirror	0
2	bool	m_LoopTime	0
2	bool	m_LoopBlend	0
2	bool	m_LoopBlendOrientation	0
2	bool	m_LoopBlendPositionY	0
2	bool	m_LoopBlendPositionXZ	0
2	bool	m_StartAtOrigin	0
2	bool	m_KeepOriginalOrientation	0
2	bool	m_KeepOriginalPositionY	0
2	bool	m_KeepOriginalPositionXZ	0
2	bool	m_HeightFromFeet	16384
1	AnimationClipBindingConstant	m_ClipBindingConstant	32768
2	vector	genericBindings	32768
3	Array	Array	49152
4	int	size	0
4	GenericBinding	data	32768
5	unsigned int	path	0
5	unsigned int	attribute	0
5	PPtr<Object>	script	0
6	int	m_FileID	8388609
6	SInt64	m_PathID	8388609
5	int	typeID	0
5	UInt8	customType	0
5	UInt8	isPPtrCurve	0
5	UInt8	isIntCurve	0
5	UInt8	isSerializeReferenceCurve	16384
2	vector	pptrCurveMapping	32768
3	Array	Array	16384
4	int	size	0
4	PPtr<Object>	data	0
5	int	m_FileID	8388609
5	SInt64	m_PathID	8388609
1	bool	m_HasGenericRootTransform	16
1	bool	m_HasMotionFloatCurves	16400
1	vector	m_Events	32769
2	Array	Array	49153
3	int	size	1
3	AnimationEvent	data	32769
4	float	time	1
4	string	functionName	32769
5	Array	Array	16385
6	int	size	1
6	char	data	1
4	string	data	32769
5	Array	Array	16385
6	int	size	1
6	char	data	1
4	PPtr<Object>	objectReferenceParameter	1
5	int	m_FileID	8388609
5	SInt64	m_PathID	8388609
4	float	floatParameter	1
4	int	intParameter	1
4	int	messageOptions	1
class	6000.0.61f1	78	TagManager
0	TagManager	Base	32768
1	vector	tags	32768
2	Array	Array	49152
3	int	size	0
3	string	data	32768
4	Array	Array	16385
5	int	size	1
5	char	data	1
1	vector	layers	32768
2	Array	Array	49152
3	int	size	0
3	string	data	32768
4	Array	Array	16385
5	int	size	1
5	char	data	1
1	vector	m_SortingLayers	32768
2	Array	Array	49152
3	int	size	0
3	SortingLayerEntry	data	32768
4	string	name	32768
5	Array	Array	16385
6	int	size	1
6	char	data	1
4	unsigned int	uniqueID	16384
1	vector	m_RenderingLayers	32768
2	Array	Array	49152
3	int	size	0
3	string	data	32768
4	Array	Array	16385
5	int	size	1
5	char	data	1
class	6000.0.61f1	81	AudioListener
0	AudioListener	Base	32768
1	PPtr<GameObject>	m_GameObject	65
2	int	m_FileID	65
2	SInt64	m_PathID	65
1	UInt8	m_Enabled	16641
class	6000.0.61f1	82	AudioSource
0	AudioSource	Base	32768
1	PPtr<GameObject>	m_GameObject	65
2	int	m_FileID	65
2	SInt64	m_PathID	65
1	UInt8	m_Enabled	16641
1	PPtr<AudioMixerGroup>	OutputAudioMixerGroup	0
2	int	m_FileID	8388609
2	SInt64	m_PathID	8388609
1	PPtr<AudioClip>	m_audioClip	0
2	int	m_FileID	8388609
2	SInt64	m_PathID	8388609
1	PPtr<AudioResource>	m_Resource	0
2	int	m_FileID	8388609
2	SInt64	m_PathID	8388609
1	bool	m_PlayOnAwake	16384
1	float	m_Volume	0
1	float	m_Pitch	0
1	bool	Loop	0
1	bool	Mute	0
1	bool	Spatialize	0
1	bool	SpatializePostEffects	16384
1	int	Priority	0
1	float	DopplerLevel	0
1	float	MinDistance	0
1	float	MaxDistance	0
1	float	Pan2D	0
1	int	rolloffMode	0
1	bool	BypassEffects	0
1	bool	BypassListenerEffects	0
1	bool	BypassReverbZones	16384
1	AnimationCurve	rolloffCustomCurve	32768
2	vector	m_Curve	32769
3	Array	Array	16385
4	int	size	1
4	Keyframe	data	1
5	float	time	1
5	float	value	1
5	float	inSlope	1
5	float	outSlope	1
5	int	weightedMode	1
5	float	inWeight	1
5	float	outWeight	1
2	int	m_PreInfinity	1
2	int	m_PostInfinity	1
2	int	m_RotationOrder	1
1	AnimationCurve	panLevelCustomCurve	32768
2	vector	m_Curve	32769
3	Array	Array	16385
4	int	size	1
4	Keyframe	data	1
5	float	time	1
5	float	value	1
5	float	inSlope	1
5	float	outSlope	1
5	int	weightedMode	1
5	float	inWeight	1
5	float	outWeight	1
2	int	m_PreInfinity	1
2	int	m_PostInfinity	1
2	int	m_RotationOrder	1
1	AnimationCurve	spreadCustomCurve	32768
2	vector	m_Curve	32769
3	Array	Array	16385
4	int	size	1
4	Keyframe	data	1
5	float	time	1
5	float	value	1
5	float	inSlope	1
5	float	outSlope	1
5	int	weightedMode	1
5	float	inWeight	1
5	float	outWeight	1
2	int	m_PreInfinity	1
2	int	m_PostInfinity	1
2	int	m_RotationOrder	1
1	AnimationCurve	reverbZoneMixCustomCurve	32768
2	vector	m_Curve	32769
3	Array	Array	16385
4	int	size	1
4	Keyframe	data	1
5	float	time	1
5	float	value	1
5	float	inSlope	1
5	float	outSlope	1
5	int	weightedMode	1
5	float	inWeight	1
5	float	outWeight	1
2	int	m_PreInfinity	1
2	int	m_PostInfinity	1
2	int	m_RotationOrder	1
class	6000.0.61f1	83	AudioClip
0	AudioClip	Base	32768
1	string	m_Name	557057
2	Array	Array	540673
3	int	size	524289
3	char	data	524289
1	int	m_LoadType	0
1	int	m_Channels	0
1	int	m_Frequency	0
1	int	m_BitsPerSample	0
1	float	m_Length	0
1	bool	m_IsTrackerFormat	0
1	bool	m_Ambisonic	16384
1	int	m_SubsoundIndex	0
1	bool	m_PreloadAudioData	0
1	bool	m_LoadInBackground	0
1	bool	m_Legacy3D	16384
1	StreamedResource	m_Resource	32768
2	string	m_Source	32769
3	Array	Array	16385
4	int	size	1
4	char	data	1
2	FileSize	m_Offset	1
2	UInt64	m_Size	1
1	int	m_CompressionFormat	16384
class	6000.0.61f1	91	AnimatorController
0	AnimatorController	Base	32768
1	string	m_Name	573441
2	Array	Array	540673
3	int	size	524289
3	char	data	524289
1	unsigned int	m_ControllerSize	0
1	ControllerConstant	m_Controller	32768
2	vector	m_LayerArray	32768
3	Array	Array	32768
4	int	size	0
4	OffsetPtr	data	32768
5	LayerConstant	data	32768
6	unsigned int	m_StateMachineIndex	0
6	unsigned int	m_StateMachineSynchronizedLayerIndex	0
6	HumanPoseMask	m_BodyMask	0
7	unsigned int	word0	0
7	unsigned int	word1	0
7	unsigned int	word2	0
6	OffsetPtr	m_SkeletonMask	0
7	SkeletonMask	data	0
8	vector	m_Data	0
9	Array	Array	0
10	int	size	0
10	SkeletonMaskElement	data	0
11	unsigned int	m_PathHash	0
11	float	m_Weight	0
6	unsigned int	m_Binding	0
6	int	(int&)m_LayerBlendingMode	0
6	float	m_DefaultWeight	0
6	bool	m_IKPass	0
6	bool	m_SyncedLayerAffectsTiming	16384
2	vector	m_StateMachineArray	32768
3	Array	Array	32768
4	int	size	0
4	OffsetPtr	data	32768
5	StateMachineConstant	data	32768
6	vector	m_StateConstantArray	32768
7	Array	Array	32768
8	int	size	0
8	OffsetPtr	data	32768
9	StateConstant	data	32768
10	vector	m_TransitionConstantArray	32768
11	Array	Array	32768
12	int	size	0
12	OffsetPtr	data	32768
13	TransitionConstant	data	32768
14	vector	m_ConditionConstantArray	0
15	Array	Array	0
16	int	size	0
16	OffsetPtr	data	0
17	ConditionConstant	data	0
18	unsigned int	m_ConditionMode	0
18	unsigned int	m_EventID	0
18	float	m_EventThreshold	0
18	float	m_ExitTime	0
14	unsigned int	m_DestinationState	0
14	unsigned int	m_FullPathID	0
14	unsigned int	m_ID	0
14	unsigned int	m_UserID	0
14	float	m_TransitionDuration	0
14	float	m_TransitionOffset	0
14	float	m_ExitTime	0
14	bool	m_HasExitTime	0
14	bool	m_HasFixedDuration	16384
14	int	m_InterruptionSource	0
14	bool	m_OrderedInterruption	0
14	bool	m_CanTransitionToSelf	16384
10	vector	m_BlendTreeConstantIndexArray	0
11	Array	Array	0
12	int	size	0
12	int	data	0
10	vector	m_BlendTreeConstantArray	32768
11	Array	Array	32768
12	int	size	0
12	OffsetPtr	data	32768
13	BlendTreeConstant	data	32768
14	vector	m_NodeArray	32768
15	Array	Array	32768
16	int	size	0
16	OffsetPtr	data	32768
17	BlendTreeNodeConstant	data	32768
18	unsigned int	m_BlendType	0
18	unsigned int	m_BlendEventID	0
18	unsigned int	m_BlendEventYID	0
18	vector	m_ChildIndices	0
19	Array	Array	0
20	int	size	0
20	unsigned int	data	0
18	OffsetPtr	m_Blend1dData	0
19	Blend1dDataConstant	data	0
20	vector	m_ChildThresholdArray	0
21	Array	Array	0
22	int	size	0
22	float	data	0
18	OffsetPtr	m_Blend2dData	0
19	Blend2dDataConstant	data	0
20	vector	m_ChildPositionArray	0
21	Array	Array	0
22	int	size	0
22	Vector2f	data	2097152
23	float	x	2097152
23	float	y	2097152
20	vector	m_ChildMagnitudeArray	0
21	Array	Array	0
22	int	size	0
22	float	data	0
20	vector	m_ChildPairVectorArray	0
21	Array	Array	0
22	int	size	0
22	Vector2f	data	2097152
23	float	x	2097152
23	float	y	2097152
20	vector	m_ChildPairAvgMagInvArray	0
21	Array	Array	0
22	int	size	0
22	float	data	0
20	vector	m_ChildNeighborListArray	0
21	Array	Array	0
22	int	size	0
22	MotionNeighborList	data	0
23	vector	m_NeighborArray	0
24	Array	Array	0
25	int	size	0
25	unsigned int	data	0
18	OffsetPtr	m_BlendDirectData	32768
19	BlendDirectDataConstant	data	32768
20	vector	m_ChildBlendEventIDArray	0
21	Array	Array	0
22	int	size	0
22	unsigned int	data	0
20	bool	m_NormalizedBlendValues	16384
18	unsigned int	m_ClipID	0
18	float	m_Duration	0
18	float	m_CycleOffset	0
18	bool	m_Mirror	16384
10	unsigned int	m_NameID	0
10	unsigned int	m_PathID	0
10	unsigned int	m_FullPathID	0
10	unsigned int	m_TagID	0
10	unsigned int	m_SpeedParamID	0
10	unsigned int	m_MirrorParamID	0
10	unsigned int	m_CycleOffsetParamID	0
10	unsigned int	m_TimeParamID	0
10	float	m_Speed	0
10	float	m_CycleOffset	0
10	bool	m_IKOnFeet	0
10	bool	m_WriteDefaultValues	0
10	bool	m_Loop	0
10	bool	m_Mirror	16384
6	vector	m_AnyStateTransitionConstantArray	32768
7	Array	Array	32768
8	int	size	0
8	OffsetPtr	data	32768
9	TransitionConstant	data	32768
10	vector	m_ConditionConstantArray	0
11	Array	Array	0
12	int	size	0
12	OffsetPtr	data	0
13	ConditionConstant	data	0
14	unsigned int	m_ConditionMode	0
14	unsigned int	m_EventID	0
14	float	m_EventThreshold	0
14	float	m_ExitTime	0
10	unsigned int	m_DestinationState	0
10	unsigned int	m_FullPathID	0
10	unsigned int	m_ID	0
10	unsigned int	m_UserID	0
10	float	m_TransitionDuration	0
10	float	m_TransitionOffset	0
10	float	m_ExitTime	0
10	bool	m_HasExitTime	0
10	bool	m_HasFixedDuration	16384
10	int	m_InterruptionSource	0
10	bool	m_OrderedInterruption	0
10	bool	m_CanTransitionToSelf	16384
6	vector	m_SelectorStateConstantArray	32768
7	Array	Array	32768
8	int	size	0
8	OffsetPtr	data	32768
9	SelectorStateConstant	data	32768
10	vector	m_TransitionConstantArray	0
11	Array	Array	0
12	int	size	0
12	OffsetPtr	data	0
13	SelectorTransitionConstant	data	0
14	unsigned int	m_Destination	0
14	vector	m_ConditionConstantArray	0
15	Array	Array	0
16	int	size	0
16	OffsetPtr	data	0
17	ConditionConstant	data	0
18	unsigned int	m_ConditionMode	0
18	unsigned int	m_EventID	0
18	float	m_EventThreshold	0
18	float	m_ExitTime	0
10	unsigned int	m_FullPathID	0
10	bool	m_IsEntry	16384
6	unsigned int	m_DefaultState	0
6	unsigned int	m_SynchronizedLayerCount	0
2	OffsetPtr	m_Values	0
3	ValueArrayConstant	data	0
4	vector	m_ValueArray	0
5	Array	Array	0
6	int	size	0
6	ValueConstant	data	0
7	unsigned int	m_ID	0
7	unsigned int	m_Type	0
7	unsigned int	m_Index	0
2	OffsetPtr	m_DefaultValues	32768
3	ValueArray	data	32768
4	vector	m_PositionValues	0
5	Array	Array	0
6	int	size	0
6	float3	data	2097152
7	float	x	2097152
7	float	y	2097152
7	float	z	2097152
4	vector	m_QuaternionValues	0
5	Array	Array	0
6	int	size	0
6	float4	data	2097152
7	float	x	2097152
7	float	y	2097152
7	float	z	2097152
7	float	w	2097152
4	vector	m_ScaleValues	0
5	Array	Array	0
6	int	size	0
6	float3	data	2097152
7	float	x	2097152
7	float	y	2097152
7	float	z	2097152
4	vector	m_FloatValues	0
5	Array	Array	0
6	int	size	0
6	float	data	0
4	vector	m_IntValues	0
5	Array	Array	0
6	int	size	0
6	int	data	0
4	vector	m_BoolValues	49152
5	Array	Array	16384
6	int	size	0
6	bool	data	0
1	map	m_TOS	32768
2	Array	Array	32768
3	int	size	0
3	pair	data	32768
4	unsigned int	first	0
4	string	second	32768
5	Array	Array	16385
6	int	size	1
6	char	data	1
1	vector	m_AnimationClips	32768
2	Array	Array	16384
3	int	size	0
3	PPtr<AnimationClip>	data	0
4	int	m_FileID	8388609
4	SInt64	m_PathID	8388609
1	StateMachineBehaviourVectorDescription	m_StateMachineBehaviourVectorDescription	32768
2	map	m_StateMachineBehaviourRanges	0
3	Array	Array	0
4	int	size	0
4	pair	data	0
5	StateKey	first	0
6	unsigned int	m_StateID	0
6	int	m_LayerIndex	0
5	StateRange	second	0
6	unsigned int	m_StartIndex	0
6	unsigned int	m_Count	0
2	vector	m_StateMachineBehaviourIndices	32768
3	Array	Array	16384
4	int	size	0
4	unsigned int	data	0
1	vector	m_StateMachineBehaviours	32768
2	Array	Array	16384
3	int	size	0
3	PPtr<MonoBehaviour>	data	0
4	int	m_FileID	8388609
4	SInt64	m_PathID	8388609
1	bool	m_MultiThreadedStateMachine	16385
class	6000.0.61f1	94	ShaderNameRegistry
0	ShaderNameRegistry	Base	32768
1	NameToObjectMap	m_Shaders	32768
2	map	m_ObjectToName	32768
3	Array	Array	32768
4	int	size	0
4	pair	data	32768
5	PPtr<Shader>	first	0
6	int	m_FileID	8388609
6	SInt64	m_PathID	8388609
5	string	second	32768
6	Array	Array	16385
7	int	size	1
7	char	data	1
1	bool	m_PreloadShaders	0
class	6000.0.61f1	95	Animator
0	Animator	Base	32768
1	PPtr<GameObject>	m_GameObject	65
2	int	m_FileID	65
2	SInt64	m_PathID	65
1	UInt8	m_Enabled	16641
1	PPtr<Avatar>	m_Avatar	0
2	int	m_FileID	8388609
2	SInt64	m_PathID	8388609
1	PPtr<RuntimeAnimatorController>	m_Controller	0
2	int	m_FileID	8388609
2	SInt64	m_PathID	8388609
1	int	m_CullingMode	0
1	int	m_UpdateMode	0
1	bool	m_ApplyRootMotion	8388608
1	bool	m_LinearVelocityBlending	8388608
1	bool	m_StabilizeFeet	8388608
1	bool	m_AnimatePhysics	8404992
1	bool	m_HasTransformHierarchy	8388608
1	bool	m_AllowConstantClipSamplingOptimization	8388608
1	bool	m_KeepAnimatorStateOnDisable	8388608
1	bool	m_WriteDefaultValuesOnDisable	8404992
class	6000.0.61f1	96	TrailRenderer
0	TrailRenderer	Base	32768
1	PPtr<GameObject>	m_GameObject	65
2	int	m_FileID	65
2	SInt64	m_PathID	65
1	bool	m_Enabled	1
1	UInt8	m_CastShadows	0
1	UInt8	m_ReceiveShadows	256
1	UInt8	m_DynamicOccludee	256
1	UInt8	m_StaticShadowCaster	8388864
1	UInt8	m_MotionVectors	0
1	UInt8	m_LightProbeUsage	0
1	UInt8	m_ReflectionProbeUsage	0
1	UInt8	m_RayTracingMode	0
1	UInt8	m_RayTraceProcedural	256
1	UInt8	m_RayTracingAccelStructBuildFlagsOverride	8388864
1	UInt8	m_RayTracingAccelStructBuildFlags	8388608
1	UInt8	m_SmallMeshCulling	16640
1	unsigned int	m_RenderingLayerMask	0
1	int	m_RendererPriority	0
1	UInt16	m_LightmapIndex	8388609
1	UInt16	m_LightmapIndexDynamic	8388609
1	Vector4f	m_LightmapTilingOffset	10485761
2	float	x	10485761
2	float	y	10485761
2	float	z	10485761
2	float	w	10485761
1	Vector4f	m_LightmapTilingOffsetDynamic	10485761
2	float	x	10485761
2	float	y	10485761
2	float	z	10485761
2	float	w	10485761
1	vector	m_Materials	32800
2	Array	Array	16416
3	int	size	32
3	PPtr<Material>	data	32
4	int	m_FileID	8388641
4	SInt64	m_PathID	8388641
1	StaticBatchInfo	m_StaticBatchInfo	1
2	UInt16	firstSubMesh	1
2	UInt16	subMeshCount	1
1	PPtr<Transform>	m_StaticBatchRoot	1
2	int	m_FileID	8388609
2	SInt64	m_PathID	8388609
1	PPtr<Transform>	m_ProbeAnchor	0
2	int	m_FileID	8388609
2	SInt64	m_PathID	8388609
1	PPtr<GameObject>	m_LightProbeVolumeOverride	16384
2	int	m_FileID	8388609
2	SInt64	m_PathID	8388609
1	int	m_SortingLayerID	8388609
1	SInt16	m_SortingLayer	1
1	SInt16	m_SortingOrder	16385
1	float	m_Time	0
1	LineParameters	m_Parameters	32768
2	float	widthMultiplier	0
2	AnimationCurve	widthCurve	32768
3	vector	m_Curve	32769
4	Array	Array	16385
5	int	size	1
5	Keyframe	data	1
6	float	time	1
6	float	value	1
6	float	inSlope	1
6	float	outSlope	1
6	int	weightedMode	1
6	float	inWeight	1
6	float	outWeight	1
3	int	m_PreInfinity	1
3	int	m_PostInfinity	1
3	int	m_RotationOrder	1
2	Gradient	colorGradient	32768
3	ColorRGBA	key0	2097153
4	float	r	2097153
4	float	g	2097153
4	float	b	2097153
4	float	a	2097153
3	ColorRGBA	key1	2097153
4	float	r	2097153
4	float	g	2097153
4	float	b	2097153
4	float	a	2097153
3	ColorRGBA	key2	2097153
4	float	r	2097153
4	float	g	2097153
4	float	b	2097153
4	float	a	2097153
3	ColorRGBA	key3	2097153
4	float	r	2097153
4	float	g	2097153
4	float	b	2097153
4	float	a	2097153
3	ColorRGBA	key4	2097153
4	float	r	2097153
4	float	g	2097153
4	float	b	2097153
4	float	a	2097153
3	ColorRGBA	key5	2097153
4	float	r	2097153
4	float	g	2097153
4	float	b	2097153
4	float	a	2097153
3	ColorRGBA	key6	2097153
4	float	r	2097153
4	float	g	2097153
4	float	b	2097153
4	float	a	2097153
3	ColorRGBA	key7	2097153
4	float	r	2097153
4	float	g	2097153
4	float	b	2097153
4	float	a	2097153
3	UInt16	ctime0	1
3	UInt16	ctime1	1
3	UInt16	ctime2	1
3	UInt16	ctime3	1
3	UInt16	ctime4	1
3	UInt16	ctime5	1
3	UInt16	ctime6	1
3	UInt16	ctime7	1
3	UInt16	atime0	1
3	UInt16	atime1	1
3	UInt16	atime2	1
3	UInt16	atime3	1
3	UInt16	atime4	1
3	UInt16	atime5	1
3	UInt16	atime6	1
3	UInt16	atime7	1
3	UInt8	m_Mode	1
3	SInt8	m_ColorSpace	1
3	UInt8	m_NumColorKeys	1
3	UInt8	m_NumAlphaKeys	16385
2	int	numCornerVertices	0
2	int	numCapVertices	0
2	int	alignment	0
2	int	textureMode	0
2	Vector2f	textureScale	2097152
3	float	x	2097152
3	float	y	2097152
2	float	shadowBias	0
2	bool	generateLightingData	16384
1	float	m_MinVertexDistance	0
1	int	m_MaskInteraction	8388608
1	bool	m_Autodestruct	0
1	bool	m_Emitting	0
1	bool	m_ApplyActiveColorSpace	8388608
class	6000.0.61f1	98	GlobalGameManager
0	GlobalGameManager	Base	0
class	6000.0.61f1	102	TextMesh
0	TextMesh	Base	32768
1	PPtr<GameObject>	m_GameObject	65
2	int	m_FileID	65
2	SInt64	m_PathID	65
1	string	m_Text	32768
2	Array	Array	16385
3	int	size	1
3	char	data	1
1	float	m_OffsetZ	0
1	float	m_CharacterSize	0
1	float	m_LineSpacing	0
1	SInt16	m_Anchor	0
1	SInt16	m_Alignment	0
1	float	m_TabSize	0
1	int	m_FontSize	0
1	int	m_FontStyle	8388608
1	bool	m_RichText	16384
1	PPtr<Font>	m_Font	0
2	int	m_FileID	8388609
2	SInt64	m_PathID	8388609
1	ColorRGBA	m_Color	0
2	unsigned int	rgba	1
class	6000.0.61f1	104	RenderSettings
0	RenderSettings	Base	32768
1	bool	m_Fog	16384
1	ColorRGBA	m_FogColor	2097152
2	float	r	2097153
2	float	g	2097153
2	float	b	2097153
2	float	a	2097153
1	int	m_FogMode	0
1	float	m_FogDensity	0
1	float	m_LinearFogStart	0
1	float	m_LinearFogEnd	0
1	ColorRGBA	m_AmbientSkyColor	2097152
2	float	r	2097153
2	float	g	2097153
2	float	b	2097153
2	float	a	2097153
1	ColorRGBA	m_AmbientEquatorColor	2097152
2	float	r	2097153
2	float	g	2097153
2	float	b	2097153
2	float	a	2097153
1	ColorRGBA	m_AmbientGroundColor	2097152
2	float	r	2097153
2	float	g	2097153
2	float	b	2097153
2	float	a	2097153
1	float	m_AmbientIntensity	0
1	int	m_AmbientMode	16384
1	ColorRGBA	m_SubtractiveShadowColor	2097152
2	float	r	2097153
2	float	g	2097153
2	float	b	2097153
2	float	a	2097153
1	PPtr<Material>	m_SkyboxMaterial	0
2	int	m_FileID	8388609
2	SInt64	m_PathID	8388609
1	float	m_HaloStrength	0
1	float	m_FlareStrength	0
1	float	m_FlareFadeSpeed	0
1	PPtr<Texture2D>	m_HaloTexture	0
2	int	m_FileID	8388609
2	SInt64	m_PathID	8388609
1	PPtr<Texture2D>	m_SpotCookie	0
2	int	m_FileID	8388609
2	SInt64	m_PathID	8388609
1	int	m_DefaultReflectionMode	0
1	int	m_DefaultReflectionResolution	0
1	int	m_ReflectionBounces	0
1	float	m_ReflectionIntensity	0
1	PPtr<Texture>	m_CustomReflection	0
2	int	m_FileID	8388609
2	SInt64	m_PathID	8388609
1	SphericalHarmonicsL2	m_AmbientProbe	0
2	float	sh[ 0]	0
2	float	sh[ 1]	0
2	float	sh[ 2]	0
2	float	sh[ 3]	0
2	float	sh[ 4]	0
2	float	sh[ 5]	0
2	float	sh[ 6]	0
2	float	sh[ 7]	0
2	float	sh[ 8]	0
2	float	sh[ 9]	0
2	float	sh[10]	0
2	float	sh[11]	0
2	float	sh[12]	0
2	float	sh[13]	0
2	float	sh[14]	0
2	float	sh[15]	0
2	float	sh[16]	0
2	float	sh[17]	0
2	float	sh[18]	0
2	float	sh[19]	0
2	float	sh[20]	0
2	float	sh[21]	0
2	float	sh[22]	0
2	float	sh[23]	0
2	float	sh[24]	0
2	float	sh[25]	0
2	float	sh[26]	0
1	PPtr<Cubemap>	m_GeneratedSkyboxReflection	0
2	int	m_FileID	8388609
2	SInt64	m_PathID	8388609
1	PPtr<Light>	m_Sun	0
2	int	m_FileID	8388609
2	SInt64	m_PathID	8388609
1	ColorRGBA	m_IndirectSpecularColor	2097152
2	float	r	2097153
2	float	g	2097153
2	float	b	2097153
2	float	a	2097153
1	bool	m_UseRadianceAmbientProbe	0
class	6000.0.61f1	108	Light
0	Light	Base	32768
1	PPtr<GameObject>	m_GameObject	65
2	int	m_FileID	65
2	SInt64	m_PathID	65
1	UInt8	m_Enabled	16641
1	int	m_Type	0
1	ColorRGBA	m_Color	2097152
2	float	r	2097153
2	float	g	2097153
2	float	b	2097153
2	float	a	2097153
1	float	m_Intensity	0
1	float	m_Range	0
1	float	m_SpotAngle	0
1	float	m_InnerSpotAngle	0
1	float	m_CookieSize	0
1	ShadowSettings	m_Shadows	32768
2	int	m_Type	0
2	int	m_Resolution	0
2	int	m_CustomResolution	0
2	float	m_Strength	0
2	float	m_Bias	0
2	float	m_NormalBias	0
2	float	m_NearPlane	0
2	Matrix4x4f	m_CullingMatrixOverride	0
3	float	e00	0
3	float	e01	0
3	float	e02	0
3	float	e03	0
3	float	e10	0
3	float	e11	0
3	float	e12	0
3	float	e13	0
3	float	e20	0
3	float	e21	0
3	float	e22	0
3	float	e23	0
3	float	e30	0
3	float	e31	0
3	float	e32	0
3	float	e33	0
2	bool	m_UseCullingMatrixOverride	16384
1	PPtr<Texture>	m_Cookie	0
2	int	m_FileID	8388609
2	SInt64	m_PathID	8388609
1	bool	m_DrawHalo	16384
1	LightBakingOutput	m_BakingOutput	32768
2	int	probeOcclusionLightIndex	0
2	int	occlusionMaskChannel	0
2	LightmapBakeMode	lightmapBakeMode	0
3	int	lightmapBakeType	0
3	int	mixedLightingMode	0
2	bool	isBaked	16384
1	PPtr<Flare>	m_Flare	0
2	int	m_FileID	8388609
2	SInt64	m_PathID	8388609
1	int	m_RenderMode	0
1	BitField	m_CullingMask	0
2	unsigned int	m_Bits	4194305
1	unsigned int	m_RenderingLayerMask	0
1	int	m_Lightmapping	0
1	int	m_LightShadowCasterMode	0
1	Vector2f	m_AreaSize	2097152
2	float	x	2097152
2	float	y	2097152
1	float	m_BounceIntensity	0
1	float	m_ColorTemperature	0
1	bool	m_UseColorTemperature	16384
1	Vector4f	m_BoundingSphereOverride	2097152
2	float	x	2097152
2	float	y	2097152
2	float	z	2097152
2	float	w	2097152
1	bool	m_UseBoundingSphereOverride	0
1	bool	m_UseViewFrustumForShadowCasterCull	0
1	bool	m_ForceVisible	16384
1	int	m_LightUnit	0
1	float	m_LuxAtDistance	0
1	bool	m_EnableSpotReflector	16384
class	6000.0.61f1	114	MonoBehaviour
0	MonoBehaviour	Base	32768
1	PPtr<GameObject>	m_GameObject	65
2	int	m_FileID	65
2	SInt64	m_PathID	65
1	UInt8	m_Enabled	16641
1	PPtr<MonoScript>	m_Script	0
2	int	m_FileID	8388609
2	SInt64	m_PathID	8388609
1	string	m_Name	557057
2	Array	Array	540673
3	int	size	524289
3	char	data	524289
class	6000.0.61f1	115	MonoScript
0	MonoScript	Base	32768
1	string	m_Name	557057
2	Array	Array	540673
3	int	size	524289
3	char	data	524289
1	int	m_ExecutionOrder	16
1	Hash128	m_PropertiesHash	16
2	UInt8	bytes[0]	16
2	UInt8	bytes[1]	16
2	UInt8	bytes[2]	16
2	UInt8	bytes[3]	16
2	UInt8	bytes[4]	16
2	UInt8	bytes[5]	16
2	UInt8	bytes[6]	16
2	UInt8	bytes[7]	16
2	UInt8	bytes[8]	16
2	UInt8	bytes[9]	16
2	UInt8	bytes[10]	16
2	UInt8	bytes[11]	16
2	UInt8	bytes[12]	16
2	UInt8	bytes[13]	16
2	UInt8	bytes[14]	16
2	UInt8	bytes[15]	16
1	string	m_ClassName	32784
2	Array	Array	16401
3	int	size	17
3	char	data	17
1	string	m_Namespace	32784
2	Array	Array	16401
3	int	size	17
3	char	data	17
1	string	m_AssemblyName	32784
2	Array	Array	16401
3	int	size	17
3	char	data	17
class	6000.0.61f1	116	MonoManager
0	MonoManager	Base	0
1	map	m_ScriptHashes	0
2	Array	Array	0
3	int	size	0
3	pair	data	0
4	Hash128	first	0
5	UInt8	bytes[0]	0
5	UInt8	bytes[1]	0
5	UInt8	bytes[2]	0
5	UInt8	bytes[3]	0
5	UInt8	bytes[4]	0
5	UInt8	bytes[5]	0
5	UInt8	bytes[6]	0
5	UInt8	bytes[7]	0
5	UInt8	bytes[8]	0
5	UInt8	bytes[9]	0
5	UInt8	bytes[10]	0
5	UInt8	bytes[11]	0
5	UInt8	bytes[12]	0
5	UInt8	bytes[13]	0
5	UInt8	bytes[14]	0
5	UInt8	bytes[15]	0
4	Hash128	second	0
5	UInt8	bytes[0]	0
5	UInt8	bytes[1]	0
5	UInt8	bytes[2]	0
5	UInt8	bytes[3]	0
5	UInt8	bytes[4]	0
5	UInt8	bytes[5]	0
5	UInt8	bytes[6]	0
5	UInt8	bytes[7]	0
5	UInt8	bytes[8]	0
5	UInt8	bytes[9]	0
5	UInt8	bytes[10]	0
5	UInt8	bytes[11]	0
5	UInt8	bytes[12]	0
5	UInt8	bytes[13]	0
5	UInt8	bytes[14]	0
5	UInt8	bytes[15]	0
1	map	m_RuntimeClassHashes	0
2	Array	Array	0
3	int	size	0
3	pair	data	0
4	Type*	first	0
4	Hash128	second	0
5	UInt8	bytes[0]	0
5	UInt8	bytes[1]	0
5	UInt8	bytes[2]	0
5	UInt8	bytes[3]	0
5	UInt8	bytes[4]	0
5	UInt8	bytes[5]	0
5	UInt8	bytes[6]	0
5	UInt8	bytes[7]	0
5	UInt8	bytes[8]	0
5	UInt8	bytes[9]	0
5	UInt8	bytes[10]	0
5	UInt8	bytes[11]	0
5	UInt8	bytes[12]	0
5	UInt8	bytes[13]	0
5	UInt8	bytes[14]	0
5	UInt8	bytes[15]	0
1	set	m_Scripts	0
2	Array	Array	0
3	int	size	0
3	PPtr<MonoScript>	data	0
4	int	m_FileID	8388609
4	SInt64	m_PathID	8388609
class	6000.0.61f1	126	NavMeshProjectSettings
0	NavMeshProjectSettings	Base	32768
1	vector	areas	32768
2	Array	Array	49152
3	int	size	0
3	NavMeshAreaData	data	32768
4	string	name	32768
5	Array	Array	16385
6	int	size	1
6	char	data	1
4	float	cost	0
1	int	m_LastAgentTypeID	0
1	vector	m_Settings	32768
2	Array	Array	49152
3	int	size	0
3	NavMeshBuildSettings	data	32768
4	int	agentTypeID	0
4	float	agentRadius	0
4	float	agentHeight	0
4	float	agentSlope	0
4	float	agentClimb	0
4	float	ledgeDropHeight	0
4	float	maxJumpAcrossDistance	0
4	float	minRegionArea	0
4	int	manualCellSize	0
4	float	cellSize	0
4	int	manualTileSize	0
4	int	tileSize	0
4	int	buildHeightMesh	0
4	unsigned int	maxJobWorkers	0
4	int	preserveTilesOutsideBounds	0
4	NavMeshBuildDebugSettings	debug	32768
5	UInt8	m_Flags	16384
1	vector	m_SettingNames	32768
2	Array	Array	49152
3	int	size	0
3	string	data	32768
4	Array	Array	16385
5	int	size	1
5	char	data	1
class	6000.0.61f1	128	Font
0	Font	Base	32768
1	string	m_Name	557057
2	Array	Array	540673
3	int	size	524289
3	char	data	524289
1	float	m_LineSpacing	0
1	PPtr<Material>	m_DefaultMaterial	0
2	int	m_FileID	8388609
2	SInt64	m_PathID	8388609
1	float	m_FontSize	1
1	PPtr<Texture>	m_Texture	16385
2	int	m_FileID	8388609
2	SInt64	m_PathID	8388609
1	int	m_AsciiStartOffset	0
1	float	m_Tracking	0
1	int	m_CharacterSpacing	0
1	int	m_CharacterPadding	0
1	int	m_ConvertCase	0
1	vector	m_CharacterRects	32768
2	Array	Array	49152
3	int	size	0
3	CharacterInfo	data	32768
4	unsigned int	index	0
4	Rectf	uv	0
5	float	x	0
5	float	y	0
5	float	width	0
5	float	height	0
4	Rectf	vert	0
5	float	x	0
5	float	y	0
5	float	width	0
5	float	height	0
4	float	advance	0
4	bool	flipped	16384
1	map	m_KerningValues	1
2	Array	Array	1
3	int	size	1
3	pair	data	1
4	pair	first	1
5	UInt16	first	1
5	UInt16	second	1
4	float	second	1
1	float	m_PixelScale	16385
1	vector	m_FontData	49153
2	Array	Array	16385
3	int	size	1
3	char	data	1
1	float	m_Ascent	1
1	float	m_Descent	1
1	unsigned int	m_DefaultStyle	1
1	vector	m_FontNames	32769
2	Array	Array	49153
3	int	size	1
3	string	data	32769
4	Array	Array	16385
5	int	size	1
5	char	data	1
1	vector	m_FallbackFonts	49153
2	Array	Array	16385
3	int	size	1
3	PPtr<Font>	data	1
4	int	m_FileID	8388609
4	SInt64	m_PathID	8388609
1	int	m_FontRenderingMode	0
1	bool	m_UseLegacyBoundsCalculation	1
1	bool	m_ShouldRoundAdvanceValue	1
class	6000.0.61f1	129	PlayerSettings
0	PlayerSettings	Base	32768
1	GUID	productGUID	0
2	unsigned int	data[0]	0
2	unsigned int	data[1]	0
2	unsigned int	data[2]	0
2	unsigned int	data[3]	0
1	bool	AndroidProfiler	0
1	bool	AndroidFilterTouchesWhenObscured	0
1	bool	AndroidEnableSustainedPerformanceMode	16384
1	int	defaultScreenOrientation	0
1	int	targetDevice	0
1	bool	useOnDemandResources	16384
1	int	accelerometerFrequency	16384
1	string	companyName	32768
2	Array	Array	16385
3	int	size	1
3	char	data	1
1	string	productName	32768
2	Array	Array	16385
3	int	size	1
3	char	data	1
1	PPtr<Texture2D>	defaultCursor	0
2	int	m_FileID	8388609
2	SInt64	m_PathID	8388609
1	Vector2f	cursorHotspot	2097152
2	float	x	2097152
2	float	y	2097152
1	ColorRGBA	m_SplashScreenBackgroundColor	2097152
2	float	r	2097153
2	float	g	2097153
2	float	b	2097153
2	float	a	2097153
1	bool	m_ShowUnitySplashScreen	0
1	bool	m_ShowUnitySplashLogo	16384
1	float	m_SplashScreenOverlayOpacity	0
1	int	m_SplashScreenAnimation	0
1	int	m_SplashScreenLogoStyle	0
1	int	m_SplashScreenDrawMode	16384
1	float	m_SplashScreenBackgroundAnimationZoom	0
1	float	m_SplashScreenLogoAnimationZoom	0
1	float	m_SplashScreenBackgroundLandscapeAspect	0
1	float	m_SplashScreenBackgroundPortraitAspect	0
1	Rectf	m_SplashScreenBackgroundLandscapeUvs	0
2	float	x	0
2	float	y	0
2	float	width	0
2	float	height	0
1	Rectf	m_SplashScreenBackgroundPortraitUvs	0
2	float	x	0
2	float	y	0
2	float	width	0
2	float	height	0
1	vector	m_SplashScreenLogos	32768
2	Array	Array	49152
3	int	size	0
3	SplashScreenLogo	data	32768
4	PPtr<Sprite>	logo	0
5	int	m_FileID	8388609
5	SInt64	m_PathID	8388609
4	float	duration	16384
1	PPtr<Texture2D>	m_SplashScreenBackgroundLandscape	0
2	int	m_FileID	8388609
2	SInt64	m_PathID	8388609
1	PPtr<Texture2D>	m_SplashScreenBackgroundPortrait	0
2	int	m_FileID	8388609
2	SInt64	m_PathID	8388609
1	PPtr<Sprite>	m_UnitySplashLogo	0
2	int	m_FileID	8388609
2	SInt64	m_PathID	8388609
1	PPtr<Texture2D>	m_VirtualRealitySplashScreen	16384
2	int	m_FileID	8388609
2	SInt64	m_PathID	8388609
1	PPtr<Texture2D>	m_HolographicTrackingLossScreen	0
2	int	m_FileID	8388609
2	SInt64	m_PathID	8388609
1	int	defaultScreenWidth	0
1	int	defaultScreenHeight	0
1	int	defaultScreenWidthWeb	0
1	int	defaultScreenHeightWeb	0
1	int	m_StereoRenderingPath	0
1	int	m_ActiveColorSpace	0
1	int	unsupportedMSAAFallback	0
1	int	m_SpriteBatchMaxVertexCount	0
1	int	m_SpriteBatchVertexThreshold	0
1	bool	m_MTRendering	0
1	bool	mobileMTRenderingBaked	0
1	Hash128	AID	16384
2	UInt8	bytes[0]	0
2	UInt8	bytes[1]	0
2	UInt8	bytes[2]	0
2	UInt8	bytes[3]	0
2	UInt8	bytes[4]	0
2	UInt8	bytes[5]	0
2	UInt8	bytes[6]	0
2	UInt8	bytes[7]	0
2	UInt8	bytes[8]	0
2	UInt8	bytes[9]	0
2	UInt8	bytes[10]	0
2	UInt8	bytes[11]	0
2	UInt8	bytes[12]	0
2	UInt8	bytes[13]	0
2	UInt8	bytes[14]	0
2	UInt8	bytes[15]	0
1	int	playerMinOpenGLESVersion	0
1	bool	mipStripping	16384
1	int	numberOfMipsStripped	0
1	map	numberOfMipsStrippedPerMipmapLimitGroup	32768
2	Array	Array	32768
3	int	size	0
3	pair	data	32768
4	string	first	32768
5	Array	Array	16385
6	int	size	1
6	char	data	1
4	int	second	0
1	vector	m_StackTraceTypes	32768
2	Array	Array	16384
3	int	size	0
3	int	data	0
1	int	iosShowActivityIndicatorOnLoading	0
1	int	androidShowActivityIndicatorOnLoading	0
1	bool	iosUseCustomAppBackgroundBehavior	0
1	bool	allowedAutorotateToPortrait	0
1	bool	allowedAutorotateToPortraitUpsideDown	0
1	bool	allowedAutorotateToLandscapeRight	0
1	bool	allowedAutorotateToLandscapeLeft	0
1	bool	useOSAutorotation	0
1	bool	use32BitDisplayBuffer	0
1	bool	preserveFramebufferAlpha	0
1	bool	disableDepthAndStencilBuffers	0
1	bool	androidStartInFullscreen	0
1	bool	androidRenderOutsideSafeArea	0
1	bool	androidUseSwappy	16384
1	int	androidDisplayOptions	0
1	int	androidBlitType	16384
1	bool	androidResizeableActivity	16384
1	int	androidDefaultWindowWidth	0
1	int	androidDefaultWindowHeight	0
1	int	androidMinimumWindowWidth	0
1	int	androidMinimumWindowHeight	0
1	int	androidFullscreenMode	0
1	int	androidAutoRotationBehavior	0
1	bool	androidPredictiveBackSupport	16384
1	int	androidApplicationEntry	0
1	bool	defaultIsNativeResolution	0
1	bool	macRetinaSupport	0
1	bool	runInBackground	0
1	bool	muteOtherAudioSources	0
1	bool	Prepare IOS For Recording	0
1	bool	Force IOS Speakers When Recording	16384
1	int	audioSpatialExperience	0
1	int	deferSystemGesturesMode	0
1	bool	hideHomeButton	0
1	bool	submitAnalytics	0
1	bool	usePlayerLog	0
1	bool	dedicatedServerOptimizations	0
1	bool	bakeCollisionMeshes	0
1	bool	forceSingleInstance	0
1	bool	useFlipModelSwapchain	0
1	bool	resizableWindow	0
1	bool	useMacAppStoreValidation	16384
1	string	macAppStoreCategory	32768
2	Array	Array	16385
3	int	size	1
3	char	data	1
1	bool	gpuSkinning	16384
1	int	meshDeformation	0
1	bool	xboxPIXTextureCapture	0
1	bool	xboxEnableAvatar	0
1	bool	xboxEnableKinect	0
1	bool	xboxEnableKinectAutoTracking	0
1	bool	xboxEnableFitness	0
1	bool	visibleInBackground	0
1	bool	allowFullscreenSwitch	16384
1	int	fullscreenMode	16384
1	unsigned int	xboxSpeechDB	0
1	bool	xboxEnableHeadOrientation	16384
1	bool	xboxEnableGuest	16384
1	bool	xboxEnablePIXSampling	16384
1	bool	metalFramebufferOnly	16384
1	int	xboxOneResolution	0
1	int	xboxOneSResolution	0
1	int	xboxOneXResolution	0
1	int	xboxOneMonoLoggingLevel	0
1	int	xboxOneLoggingLevel	0
1	bool	xboxOneDisableEsram	16384
1	bool	xboxOneEnableTypeOptimization	16384
1	unsigned int	xboxOnePresentImmediateThreshold	0
1	int	switchQueueCommandMemory	0
1	int	switchQueueControlMemory	0
1	int	switchQueueComputeMemory	0
1	int	switchNVNShaderPoolsGranularity	0
1	int	switchNVNDefaultPoolsGranularity	0
1	int	switchNVNOtherPoolsGranularity	0
1	int	switchGpuScratchPoolGranularity	0
1	bool	switchAllowGpuScratchShrinking	16384
1	int	switchNVNMaxPublicTextureIDCount	0
1	int	switchNVNMaxPublicSamplerIDCount	0
1	int	switchMaxWorkerMultiple	0
1	int	switchNVNGraphicsFirmwareMemory	16384
1	unsigned int	vulkanNumSwapchainBuffers	0
1	bool	vulkanEnableSetSRGBWrite	0
1	bool	vulkanEnablePreTransform	0
1	bool	vulkanEnableLateAcquireNextImage	0
1	bool	vulkanEnableCommandBufferRecycling	16384
1	bool	loadStoreDebugModeEnabled	16384
1	PPtr<Texture2D>	invalidatedPatternTexture	16384
2	int	m_FileID	8388609
2	SInt64	m_PathID	8388609
1	string	visionOSBundleVersion	32768
2	Array	Array	16385
3	int	size	1
3	char	data	1
1	string	tvOSBundleVersion	32768
2	Array	Array	16385
3	int	size	1
3	char	data	1
1	string	bundleVersion	32768
2	Array	Array	16385
3	int	size	1
3	char	data	1
1	vector	preloadedAssets	32768
2	Array	Array	16384
3	int	size	0
3	PPtr<Object>	data	0
4	int	m_FileID	8388609
4	SInt64	m_PathID	8388609
1	int	metroInputSource	0
1	bool	wsaTransparentSwapchain	16384
1	bool	m_HolographicPauseOnTrackingLoss	0
1	bool	xboxOneDisableKinectGpuReservation	0
1	bool	xboxOneEnable7thCore	16384
1	VRSettings	vrSettings	49152
2	bool	enable360StereoCapture	16384
1	bool	isWsaHolographicRemotingEnabled	16384
1	bool	enableFrameTimingStats	0
1	bool	enableOpenGLProfilerGPURecorders	16384
1	bool	allowHDRDisplaySupport	16384
1	bool	useHDRDisplay	16384
1	int	hdrBitDepth	0
1	vector	m_ColorGamuts	32768
2	Array	Array	16384
3	int	size	0
3	int	data	0
1	int	targetPixelDensity	0
1	int	resolutionScalingMode	0
1	bool	resetResolutionOnWindowResize	16384
1	int	androidSupportedAspectRatio	0
1	float	androidMaxAspectRatio	0
1	float	androidMinAspectRatio	16384
1	int	activeInputHandler	0
1	int	windowsGamepadBackendHint	0
1	string	cloudProjectId	32768
2	Array	Array	16385
3	int	size	1
3	char	data	1
1	int	framebufferDepthMemorylessMode	0
1	vector	qualitySettingsNames	32768
2	Array	Array	49152
3	int	size	0
3	string	data	32768
4	Array	Array	16385
5	int	size	1
5	char	data	1
1	string	projectName	32768
2	Array	Array	16385
3	int	size	1
3	char	data	1
1	string	organizationId	32768
2	Array	Array	16385
3	int	size	1
3	char	data	1
1	bool	cloudEnabled	0
1	bool	legacyClampBlendShapeWeights	16384
1	PPtr<Texture2D>	hmiLoadingImage	0
2	int	m_FileID	8388609
2	SInt64	m_PathID	8388609
1	bool	platformRequiresReadableAssets	0
1	bool	virtualTexturingSupportEnabled	16384
1	int	insecureHttpOption	0
1	vector	androidVulkanDenyFilterList	32768
2	Array	Array	49152
3	int	size	0
3	AndroidDeviceFilterData	data	32768
4	string	vendorName	32768
5	Array	Array	16385
6	int	size	1
6	char	data	1
4	string	deviceName	32768
5	Array	Array	16385
6	int	size	1
6	char	data	1
4	string	brandName	32768
5	Array	Array	16385
6	int	size	1
6	char	data	1
4	string	productName	32768
5	Array	Array	16385
6	int	size	1
6	char	data	1
4	string	androidOsVersionString	32768
5	Array	Array	16385
6	int	size	1
6	char	data	1
4	string	vulkanApiVersionString	32768
5	Array	Array	16385
6	int	size	1
6	char	data	1
4	string	driverVersionString	49152
5	Array	Array	16385
6	int	size	1
6	char	data	1
1	vector	androidVulkanAllowFilterList	32768
2	Array	Array	49152
3	int	size	0
3	AndroidDeviceFilterData	data	32768
4	string	vendorName	32768
5	Array	Array	16385
6	int	size	1
6	char	data	1
4	string	deviceName	32768
5	Array	Array	16385
6	int	size	1
6	char	data	1
4	string	brandName	32768
5	Array	Array	16385
6	int	size	1
6	char	data	1
4	string	productName	32768
5	Array	Array	16385
6	int	size	1
6	char	data	1
4	string	androidOsVersionString	32768
5	Array	Array	16385
6	int	size	1
6	char	data	1
4	string	vulkanApiVersionString	32768
5	Array	Array	16385
6	int	size	1
6	char	data	1
4	string	driverVersionString	49152
5	Array	Array	16385
6	int	size	1
6	char	data	1
class	6000.0.61f1	141	BuildSettings
0	BuildSettings	Base	32768
1	vector	scenes	32768
2	Array	Array	49152
3	int	size	0
3	string	data	32768
4	Array	Array	16385
5	int	size	1
5	char	data	1
1	vector	preloadedPlugins	32768
2	Array	Array	49152
3	int	size	0
3	string	data	32768
4	Array	Array	16385
5	int	size	1
5	char	data	1
1	vector	enabledVRDevices	32768
2	Array	Array	49152
3	int	size	0
3	string	data	32768
4	Array	Array	16385
5	int	size	1
5	char	data	1
1	vector	buildTags	32768
2	Array	Array	49152
3	int	size	0
3	string	data	32768
4	Array	Array	16385
5	int	size	1
5	char	data	1
1	bool	hasPROVersion	0
1	bool	isNoWatermarkBuild	0
1	bool	isPrototypingBuild	0
1	bool	isEducationalBuild	0
1	bool	isEmbedded	0
1	bool	isTrial	0
1	bool	hasPublishingRights	0
1	bool	hasShadows	0
1	bool	hasSoftShadows	0
1	bool	hasLocalLightShadows	0
1	bool	hasAdvancedVersion	0
1	bool	enableDynamicBatching	0
1	bool	usesOnMouseEvents	0
1	bool	hasClusterRendering	16384
1	string	m_Version	32768
2	Array	Array	16385
3	int	size	1
3	char	data	1
1	string	m_AuthToken	32768
2	Array	Array	16385
3	int	size	1
3	char	data	1
1	vector	m_GraphicsAPIs	32768
2	Array	Array	16384
3	int	size	0
3	int	data	0
class	6000.0.61f1	147	ResourceManager
0	ResourceManager	Base	32768
1	map	m_Container	32768
2	Array	Array	32768
3	int	size	0
3	pair	data	32768
4	string	first	32768
5	Array	Array	16385
6	int	size	1
6	char	data	1
4	PPtr<Object>	second	0
5	int	m_FileID	8388609
5	SInt64	m_PathID	8388609
1	vector	m_DependentAssets	32768
2	Array	Array	49152
3	int	size	0
3	ResourceManager_Dependency	data	32768
4	PPtr<Object>	m_Object	0
5	int	m_FileID	8388609
5	SInt64	m_PathID	8388609
4	vector	m_Dependencies	32768
5	Array	Array	16384
6	int	size	0
6	PPtr<Object>	data	0
7	int	m_FileID	8388609
7	SInt64	m_PathID	8388609
class	6000.0.61f1	150	PreloadData
0	PreloadData	Base	32768
1	string	m_Name	557057
2	Array	Array	540673
3	int	size	524289
3	char	data	524289
1	vector	m_Assets	32768
2	Array	Array	16384
3	int	size	0
3	PPtr<Object>	data	0
4	int	m_FileID	8388609
4	SInt64	m_PathID	8388609
1	vector	m_Dependencies	32768
2	Array	Array	49152
3	int	size	0
3	string	data	32768
4	Array	Array	16385
5	int	size	1
5	char	data	1
1	bool	m_ExplicitDataLayout	0
class	6000.0.61f1	157	LightmapSettings
0	LightmapSettings	Base	32768
1	EnlightenSceneMapping	m_EnlightenSceneMapping	32768
2	vector	m_Renderers	32768
3	Array	Array	16384
4	int	size	0
4	EnlightenRendererInformation	data	0
5	PPtr<Object>	renderer	0
6	int	m_FileID	8388609
6	SInt64	m_PathID	8388609
5	Vector4f	dynamicLightmapSTInSystem	2097152
6	float	x	2097152
6	float	y	2097152
6	float	z	2097152
6	float	w	2097152
5	int	systemId	0
5	Hash128	instanceHash	0
6	UInt8	bytes[0]	0
6	UInt8	bytes[1]	0
6	UInt8	bytes[2]	0
6	UInt8	bytes[3]	0
6	UInt8	bytes[4]	0
6	UInt8	bytes[5]	0
6	UInt8	bytes[6]	0
6	UInt8	bytes[7]	0
6	UInt8	bytes[8]	0
6	UInt8	bytes[9]	0
6	UInt8	bytes[10]	0
6	UInt8	bytes[11]	0
6	UInt8	bytes[12]	0
6	UInt8	bytes[13]	0
6	UInt8	bytes[14]	0
6	UInt8	bytes[15]	0
2	vector	m_Systems	32768
3	Array	Array	16384
4	int	size	0
4	EnlightenSystemInformation	data	0
5	unsigned int	rendererIndex	0
5	unsigned int	rendererSize	0
5	int	atlasIndex	0
5	int	atlasOffsetX	0
5	int	atlasOffsetY	0
5	Hash128	inputSystemHash	0
6	UInt8	bytes[0]	0
6	UInt8	bytes[1]	0
6	UInt8	bytes[2]	0
6	UInt8	bytes[3]	0
6	UInt8	bytes[4]	0
6	UInt8	bytes[5]	0
6	UInt8	bytes[6]	0
6	UInt8	bytes[7]	0
6	UInt8	bytes[8]	0
6	UInt8	bytes[9]	0
6	UInt8	bytes[10]	0
6	UInt8	bytes[11]	0
6	UInt8	bytes[12]	0
6	UInt8	bytes[13]	0
6	UInt8	bytes[14]	0
6	UInt8	bytes[15]	0
5	Hash128	radiositySystemHash	0
6	UInt8	bytes[0]	0
6	UInt8	bytes[1]	0
6	UInt8	bytes[2]	0
6	UInt8	bytes[3]	0
6	UInt8	bytes[4]	0
6	UInt8	bytes[5]	0
6	UInt8	bytes[6]	0
6	UInt8	bytes[7]	0
6	UInt8	bytes[8]	0
6	UInt8	bytes[9]	0
6	UInt8	bytes[10]	0
6	UInt8	bytes[11]	0
6	UInt8	bytes[12]	0
6	UInt8	bytes[13]	0
6	UInt8	bytes[14]	0
6	UInt8	bytes[15]	0
2	vector	m_Probesets	32768
3	Array	Array	16384
4	int	size	0
4	Hash128	data	0
5	UInt8	bytes[0]	0
5	UInt8	bytes[1]	0
5	UInt8	bytes[2]	0
5	UInt8	bytes[3]	0
5	UInt8	bytes[4]	0
5	UInt8	bytes[5]	0
5	UInt8	bytes[6]	0
5	UInt8	bytes[7]	0
5	UInt8	bytes[8]	0
5	UInt8	bytes[9]	0
5	UInt8	bytes[10]	0
5	UInt8	bytes[11]	0
5	UInt8	bytes[12]	0
5	UInt8	bytes[13]	0
5	UInt8	bytes[14]	0
5	UInt8	bytes[15]	0
2	vector	m_SystemAtlases	32768
3	Array	Array	16384
4	int	size	0
4	EnlightenSystemAtlasInformation	data	0
5	int	atlasSize	0
5	Hash128	atlasHash	0
6	UInt8	bytes[0]	0
6	UInt8	bytes[1]	0
6	UInt8	bytes[2]	0
6	UInt8	bytes[3]	0
6	UInt8	bytes[4]	0
6	UInt8	bytes[5]	0
6	UInt8	bytes[6]	0
6	UInt8	bytes[7]	0
6	UInt8	bytes[8]	0
6	UInt8	bytes[9]	0
6	UInt8	bytes[10]	0
6	UInt8	bytes[11]	0
6	UInt8	bytes[12]	0
6	UInt8	bytes[13]	0
6	UInt8	bytes[14]	0
6	UInt8	bytes[15]	0
5	int	firstSystemId	0
2	vector	m_TerrainChunks	32768
3	Array	Array	16384
4	int	size	0
4	EnlightenTerrainChunksInformation	data	0
5	int	firstSystemId	0
5	int	numChunksInX	0
5	int	numChunksInY	0
1	int	m_BakeOnSceneLoad	0
1	PPtr<LightProbes>	m_LightProbes	0
2	int	m_FileID	8388609
2	SInt64	m_PathID	8388609
1	vector	m_Lightmaps	32768
2	Array	Array	16384
3	int	size	0
3	LightmapData	data	0
4	PPtr<Texture2D>	m_Lightmap	0
5	int	m_FileID	8388609
5	SInt64	m_PathID	8388609
4	PPtr<Texture2D>	m_DirLightmap	0
5	int	m_FileID	8388609
5	SInt64	m_PathID	8388609
4	PPtr<Texture2D>	m_ShadowMask	0
5	int	m_FileID	8388609
5	SInt64	m_PathID	8388609
1	int	m_LightmapsMode	0
1	GISettings	m_GISettings	32768
2	float	m_BounceScale	0
2	float	m_IndirectOutputScale	0
2	float	m_AlbedoBoost	0
2	unsigned int	m_EnvironmentLightingMode	0
2	bool	m_EnableBakedLightmaps	0
2	bool	m_EnableRealtimeLightmaps	16384
1	PPtr<LightingSettings>	m_LightingSettings	0
2	int	m_FileID	8388609
2	SInt64	m_PathID	8388609
class	6000.0.61f1	196	NavMeshSettings
0	NavMeshSettings	Base	0
1	PPtr<NavMeshData>	m_NavMeshData	0
2	int	m_FileID	8388609
2	SInt64	m_PathID	8388609
class	6000.0.61f1	198	ParticleSystem
0	ParticleSystem	Base	32768
1	PPtr<GameObject>	m_GameObject	65
2	int	m_FileID	65
2	SInt64	m_PathID	65
1	float	lengthInSec	0
1	float	simulationSpeed	0
1	int	stopAction	0
1	int	cullingMode	0
1	int	ringBufferMode	0
1	Vector2f	ringBufferLoopRange	2097152
2	float	x	2097152
2	float	y	2097152
1	int	emitterVelocityMode	0
1	bool	looping	0
1	bool	prewarm	0
1	bool	playOnAwake	0
1	bool	useUnscaledTime	0
1	bool	autoRandomSeed	16384
1	MinMaxCurve	startDelay	49152
2	UInt16	minMaxState	16384
2	float	scalar	0
2	float	minScalar	0
2	AnimationCurve	maxCurve	32768
3	vector	m_Curve	32769
4	Array	Array	16385
5	int	size	1
5	Keyframe	data	1
6	float	time	1
6	float	value	1
6	float	inSlope	1
6	float	outSlope	1
6	int	weightedMode	1
6	float	inWeight	1
6	float	outWeight	1
3	int	m_PreInfinity	1
3	int	m_PostInfinity	1
3	int	m_RotationOrder	1
2	AnimationCurve	minCurve	32768
3	vector	m_Curve	32769
4	Array	Array	16385
5	int	size	1
5	Keyframe	data	1
6	float	time	1
6	float	value	1
6	float	inSlope	1
6	float	outSlope	1
6	int	weightedMode	1
6	float	inWeight	1
6	float	outWeight	1
3	int	m_PreInfinity	1
3	int	m_PostInfinity	1
3	int	m_RotationOrder	1
1	int	moveWithTransform	16384
1	PPtr<Transform>	moveWithCustomTransform	0
2	int	m_FileID	8388609
2	SInt64	m_PathID	8388609
1	int	scalingMode	0
1	int	randomSeed	0
1	InitialModule	InitialModule	32768
2	bool	enabled	16384
2	MinMaxCurve	startLifetime	32768
3	UInt16	minMaxState	16384
3	float	scalar	0
3	float	minScalar	0
3	AnimationCurve	maxCurve	32768
4	vector	m_Curve	32769
5	Array	Array	16385
6	int	size	1
6	Keyframe	data	1
7	float	time	1
7	float	value	1
7	float	inSlope	1
7	float	outSlope	1
7	int	weightedMode	1
7	float	inWeight	1
7	float	outWeight	1
4	int	m_PreInfinity	1
4	int	m_PostInfinity	1
4	int	m_RotationOrder	1
3	AnimationCurve	minCurve	32768
4	vector	m_Curve	32769
5	Array	Array	16385
6	int	size	1
6	Keyframe	data	1
7	float	time	1
7	float	value	1
7	float	inSlope	1
7	float	outSlope	1
7	int	weightedMode	1
7	float	inWeight	1
7	float	outWeight	1
4	int	m_PreInfinity	1
4	int	m_PostInfinity	1
4	int	m_RotationOrder	1
2	MinMaxCurve	startSpeed	32768
3	UInt16	minMaxState	16384
3	float	scalar	0
3	float	minScalar	0
3	AnimationCurve	maxCurve	32768
4	vector	m_Curve	32769
5	Array	Array	16385
6	int	size	1
6	Keyframe	data	1
7	float	time	1
7	float	value	1
7	float	inSlope	1
7	float	outSlope	1
7	int	weightedMode	1
7	float	inWeight	1
7	float	outWeight	1
4	int	m_PreInfinity	1
4	int	m_PostInfinity	1
4	int	m_RotationOrder	1
3	AnimationCurve	minCurve	32768
4	vector	m_Curve	32769
5	Array	Array	16385
6	int	size	1
6	Keyframe	data	1
7	float	time	1
7	float	value	1
7	float	inSlope	1
7	float	outSlope	1
7	int	weightedMode	1
7	float	inWeight	1
7	float	outWeight	1
4	int	m_PreInfinity	1
4	int	m_PostInfinity	1
4	int	m_RotationOrder	1
2	MinMaxGradient	startColor	32768
3	UInt16	minMaxState	16384
3	ColorRGBA	minColor	2097152
4	float	r	2097153
4	float	g	2097153
4	float	b	2097153
4	float	a	2097153
3	ColorRGBA	maxColor	2097152
4	float	r	2097153
4	float	g	2097153
4	float	b	2097153
4	float	a	2097153
3	Gradient	maxGradient	32768
4	ColorRGBA	key0	2097153
5	float	r	2097153
5	float	g	2097153
5	float	b	2097153
5	float	a	2097153
4	ColorRGBA	key1	2097153
5	float	r	2097153
5	float	g	2097153
5	float	b	2097153
5	float	a	2097153
4	ColorRGBA	key2	2097153
5	float	r	2097153
5	float	g	2097153
5	float	b	2097153
5	float	a	2097153
4	ColorRGBA	key3	2097153
5	float	r	2097153
5	float	g	2097153
5	float	b	2097153
5	float	a	2097153
4	ColorRGBA	key4	2097153
5	float	r	2097153
5	float	g	2097153
5	float	b	2097153
5	float	a	2097153
4	ColorRGBA	key5	2097153
5	float	r	2097153
5	float	g	2097153
5	float	b	2097153
5	float	a	2097153
4	ColorRGBA	key6	2097153
5	float	r	2097153
5	float	g	2097153
5	float	b	2097153
5	float	a	2097153
4	ColorRGBA	key7	2097153
5	float	r	2097153
5	float	g	2097153
5	float	b	2097153
5	float	a	2097153
4	UInt16	ctime0	1
4	UInt16	ctime1	1
4	UInt16	ctime2	1
4	UInt16	ctime3	1
4	UInt16	ctime4	1
4	UInt16	ctime5	1
4	UInt16	ctime6	1
4	UInt16	ctime7	1
4	UInt16	atime0	1
4	UInt16	atime1	1
4	UInt16	atime2	1
4	UInt16	atime3	1
4	UInt16	atime4	1
4	UInt16	atime5	1
4	UInt16	atime6	1
4	UInt16	atime7	1
4	UInt8	m_Mode	1
4	SInt8	m_ColorSpace	1
4	UInt8	m_NumColorKeys	1
4	UInt8	m_NumAlphaKeys	16385
3	Gradient	minGradient	32768
4	ColorRGBA	key0	2097153
5	float	r	2097153
5	float	g	2097153
5	float	b	2097153
5	float	a	2097153
4	ColorRGBA	key1	2097153
5	float	r	2097153
5	float	g	2097153
5	float	b	2097153
5	float	a	2097153
4	ColorRGBA	key2	2097153
5	float	r	2097153
5	float	g	2097153
5	float	b	2097153
5	float	a	2097153
4	ColorRGBA	key3	2097153
5	float	r	2097153
5	float	g	2097153
5	float	b	2097153
5	float	a	2097153
4	ColorRGBA	key4	2097153
5	float	r	2097153
5	float	g	2097153
5	float	b	2097153
5	float	a	2097153
4	ColorRGBA	key5	2097153
5	float	r	2097153
5	float	g	2097153
5	float	b	2097153
5	float	a	2097153
4	ColorRGBA	key6	2097153
5	float	r	2097153
5	float	g	2097153
5	float	b	2097153
5	float	a	2097153
4	ColorRGBA	key7	2097153
5	float	r	2097153
5	float	g	2097153
5	float	b	2097153
5	float	a	2097153
4	UInt16	ctime0	1
4	UInt16	ctime1	1
4	UInt16	ctime2	1
4	UInt16	ctime3	1
4	UInt16	ctime4	1
4	UInt16	ctime5	1
4	UInt16	ctime6	1
4	UInt16	ctime7	1
4	UInt16	atime0	1
4	UInt16	atime1	1
4	UInt16	atime2	1
4	UInt16	atime3	1
4	UInt16	atime4	1
4	UInt16	atime5	1
4	UInt16	atime6	1
4	UInt16	atime7	1
4	UInt8	m_Mode	1
4	SInt8	m_ColorSpace	1
4	UInt8	m_NumColorKeys	1
4	UInt8	m_NumAlphaKeys	16385
2	MinMaxCurve	startSize	32768
3	UInt16	minMaxState	16384
3	float	scalar	0
3	float	minScalar	0
3	AnimationCurve	maxCurve	32768
4	vector	m_Curve	32769
5	Array	Array	16385
6	int	size	1
6	Keyframe	data	1
7	float	time	1
7	float	value	1
7	float	inSlope	1
7	float	outSlope	1
7	int	weightedMode	1
7	float	inWeight	1
7	float	outWeight	1
4	int	m_PreInfinity	1
4	int	m_PostInfinity	1
4	int	m_RotationOrder	1
3	AnimationCurve	minCurve	32768
4	vector	m_Curve	32769
5	Array	Array	16385
6	int	size	1
6	Keyframe	data	1
7	float	time	1
7	float	value	1
7	float	inSlope	1
7	float	outSlope	1
7	int	weightedMode	1
7	float	inWeight	1
7	float	outWeight	1
4	int	m_PreInfinity	1
4	int	m_PostInfinity	1
4	int	m_RotationOrder	1
2	MinMaxCurve	startSizeY	32768
3	UInt16	minMaxState	16384
3	float	scalar	0
3	float	minScalar	0
3	AnimationCurve	maxCurve	32768
4	vector	m_Curve	32769
5	Array	Array	16385
6	int	size	1
6	Keyframe	data	1
7	float	time	1
7	float	value	1
7	float	inSlope	1
7	float	outSlope	1
7	int	weightedMode	1
7	float	inWeight	1
7	float	outWeight	1
4	int	m_PreInfinity	1
4	int	m_PostInfinity	1
4	int	m_RotationOrder	1
3	AnimationCurve	minCurve	32768
4	vector	m_Curve	32769
5	Array	Array	16385
6	int	size	1
6	Keyframe	data	1
7	float	time	1
7	float	value	1
7	float	inSlope	1
7	float	outSlope	1
7	int	weightedMode	1
7	float	inWeight	1
7	float	outWeight	1
4	int	m_PreInfinity	1
4	int	m_PostInfinity	1
4	int	m_RotationOrder	1
2	MinMaxCurve	startSizeZ	32768
3	UInt16	minMaxState	16384
3	float	scalar	0
3	float	minScalar	0
3	AnimationCurve	maxCurve	32768
4	vector	m_Curve	32769
5	Array	Array	16385
6	int	size	1
6	Keyframe	data	1
7	float	time	1
7	float	value	1
7	float	inSlope	1
7	float	outSlope	1
7	int	weightedMode	1
7	float	inWeight	1
7	float	outWeight	1
4	int	m_PreInfinity	1
4	int	m_PostInfinity	1
4	int	m_RotationOrder	1
3	AnimationCurve	minCurve	32768
4	vector	m_Curve	32769
5	Array	Array	16385
6	int	size	1
6	Keyframe	data	1
7	float	time	1
7	float	value	1
7	float	inSlope	1
7	float	outSlope	1
7	int	weightedMode	1
7	float	inWeight	1
7	float	outWeight	1
4	int	m_PreInfinity	1
4	int	m_PostInfinity	1
4	int	m_RotationOrder	1
2	MinMaxCurve	startRotationX	32768
3	UInt16	minMaxState	16384
3	float	scalar	0
3	float	minScalar	0
3	AnimationCurve	maxCurve	32768
4	vector	m_Curve	32769
5	Array	Array	16385
6	int	size	1
6	Keyframe	data	1
7	float	time	1
7	float	value	1
7	float	inSlope	1
7	float	outSlope	1
7	int	weightedMode	1
7	float	inWeight	1
7	float	outWeight	1
4	int	m_PreInfinity	1
4	int	m_PostInfinity	1
4	int	m_RotationOrder	1
3	AnimationCurve	minCurve	32768
4	vector	m_Curve	32769
5	Array	Array	16385
6	int	size	1
6	Keyframe	data	1
7	float	time	1
7	float	value	1
7	float	inSlope	1
7	float	outSlope	1
7	int	weightedMode	1
7	float	inWeight	1
7	float	outWeight	1
4	int	m_PreInfinity	1
4	int	m_PostInfinity	1
4	int	m_RotationOrder	1
2	MinMaxCurve	startRotationY	32768
3	UInt16	minMaxState	16384
3	float	scalar	0
3	float	minScalar	0
3	AnimationCurve	maxCurve	32768
4	vector	m_Curve	32769
5	Array	Array	16385
6	int	size	1
6	Keyframe	data	1
7	float	time	1
7	float	value	1
7	float	inSlope	1
7	float	outSlope	1
7	int	weightedMode	1
7	float	inWeight	1
7	float	outWeight	1
4	int	m_PreInfinity	1
4	int	m_PostInfinity	1
4	int	m_RotationOrder	1
3	AnimationCurve	minCurve	32768
4	vector	m_Curve	32769
5	Array	Array	16385
6	int	size	1
6	Keyframe	data	1
7	float	time	1
7	float	value	1
7	float	inSlope	1
7	float	outSlope	1
7	int	weightedMode	1
7	float	inWeight	1
7	float	outWeight	1
4	int	m_PreInfinity	1
4	int	m_PostInfinity	1
4	int	m_RotationOrder	1
2	MinMaxCurve	startRotation	32768
3	UInt16	minMaxState	16384
3	float	scalar	0
3	float	minScalar	0
3	AnimationCurve	maxCurve	32768
4	vector	m_Curve	32769
5	Array	Array	16385
6	int	size	1
6	Keyframe	data	1
7	float	time	1
7	float	value	1
7	float	inSlope	1
7	float	outSlope	1
7	int	weightedMode	1
7	float	inWeight	1
7	float	outWeight	1
4	int	m_PreInfinity	1
4	int	m_PostInfinity	1
4	int	m_RotationOrder	1
3	AnimationCurve	minCurve	32768
4	vector	m_Curve	32769
5	Array	Array	16385
6	int	size	1
6	Keyframe	data	1
7	float	time	1
7	float	value	1
7	float	inSlope	1
7	float	outSlope	1
7	int	weightedMode	1
7	float	inWeight	1
7	float	outWeight	1
4	int	m_PreInfinity	1
4	int	m_PostInfinity	1
4	int	m_RotationOrder	1
2	float	randomizeRotationDirection	0
2	int	gravitySource	0
2	int	maxNumParticles	0
2	Vector3f	customEmitterVelocity	2097152
3	float	x	2097152
3	float	y	2097152
3	float	z	2097152
2	bool	size3D	0
2	bool	rotation3D	16384
2	MinMaxCurve	gravityModifier	32768
3	UInt16	minMaxState	16384
3	float	scalar	0
3	float	minScalar	0
3	AnimationCurve	maxCurve	32768
4	vector	m_Curve	32769
5	Array	Array	16385
6	int	size	1
6	Keyframe	data	1
7	float	time	1
7	float	value	1
7	float	inSlope	1
7	float	outSlope	1
7	int	weightedMode	1
7	float	inWeight	1
7	float	outWeight	1
4	int	m_PreInfinity	1
4	int	m_PostInfinity	1
4	int	m_RotationOrder	1
3	AnimationCurve	minCurve	32768
4	vector	m_Curve	32769
5	Array	Array	16385
6	int	size	1
6	Keyframe	data	1
7	float	time	1
7	float	value	1
7	float	inSlope	1
7	float	outSlope	1
7	int	weightedMode	1
7	float	inWeight	1
7	float	outWeight	1
4	int	m_PreInfinity	1
4	int	m_PostInfinity	1
4	int	m_RotationOrder	1
1	ShapeModule	ShapeModule	32768
2	bool	enabled	16384
2	int	type	0
2	float	angle	0
2	float	length	0
2	Vector3f	boxThickness	2097152
3	float	x	2097152
3	float	y	2097152
3	float	z	2097152
2	float	radiusThickness	0
2	float	donutRadius	0
2	Vector3f	m_Position	2097152
3	float	x	2097152
3	float	y	2097152
3	float	z	2097152
2	Vector3f	m_Rotation	2097152
3	float	x	2097152
3	float	y	2097152
3	float	z	2097152
2	Vector3f	m_Scale	2097152
3	float	x	2097152
3	float	y	2097152
3	float	z	2097152
2	int	placementMode	0
2	int	m_MeshMaterialIndex	0
2	float	m_MeshNormalOffset	0
2	MultiModeParameter	m_MeshSpawn	32768
3	int	mode	0
3	float	spread	0
3	MinMaxCurve	speed	32768
4	UInt16	minMaxState	16384
4	float	scalar	0
4	float	minScalar	0
4	AnimationCurve	maxCurve	32768
5	vector	m_Curve	32769
6	Array	Array	16385
7	int	size	1
7	Keyframe	data	1
8	float	time	1
8	float	value	1
8	float	inSlope	1
8	float	outSlope	1
8	int	weightedMode	1
8	float	inWeight	1
8	float	outWeight	1
5	int	m_PreInfinity	1
5	int	m_PostInfinity	1
5	int	m_RotationOrder	1
4	AnimationCurve	minCurve	32768
5	vector	m_Curve	32769
6	Array	Array	16385
7	int	size	1
7	Keyframe	data	1
8	float	time	1
8	float	value	1
8	float	inSlope	1
8	float	outSlope	1
8	int	weightedMode	1
8	float	inWeight	1
8	float	outWeight	1
5	int	m_PreInfinity	1
5	int	m_PostInfinity	1
5	int	m_RotationOrder	1
2	PPtr<Mesh>	m_Mesh	0
3	int	m_FileID	8388609
3	SInt64	m_PathID	8388609
2	PPtr<MeshRenderer>	m_MeshRenderer	0
3	int	m_FileID	8388609
3	SInt64	m_PathID	8388609
2	PPtr<SkinnedMeshRenderer>	m_SkinnedMeshRenderer	0
3	int	m_FileID	8388609
3	SInt64	m_PathID	8388609
2	PPtr<Sprite>	m_Sprite	0
3	int	m_FileID	8388609
3	SInt64	m_PathID	8388609
2	PPtr<SpriteRenderer>	m_SpriteRenderer	0
3	int	m_FileID	8388609
3	SInt64	m_PathID	8388609
2	bool	m_UseMeshMaterialIndex	0
2	bool	m_UseMeshColors	0
2	bool	alignToDirection	16384
2	PPtr<Texture2D>	m_Texture	0
3	int	m_FileID	8388609
3	SInt64	m_PathID	8388609
2	int	m_TextureClipChannel	0
2	float	m_TextureClipThreshold	0
2	int	m_TextureUVChannel	0
2	bool	m_TextureColorAffectsParticles	0
2	bool	m_TextureAlphaAffectsParticles	0
2	bool	m_TextureBilinearFiltering	16384
2	float	randomDirectionAmount	0
2	float	sphericalDirectionAmount	0
2	float	randomPositionAmount	0
2	MultiModeParameter	radius	32768
3	float	value	0
3	int	mode	0
3	float	spread	0
3	MinMaxCurve	speed	32768
4	UInt16	minMaxState	16384
4	float	scalar	0
4	float	minScalar	0
4	AnimationCurve	maxCurve	32768
5	vector	m_Curve	32769
6	Array	Array	16385
7	int	size	1
7	Keyframe	data	1
8	float	time	1
8	float	value	1
8	float	inSlope	1
8	float	outSlope	1
8	int	weightedMode	1
8	float	inWeight	1
8	float	outWeight	1
5	int	m_PreInfinity	1
5	int	m_PostInfinity	1
5	int	m_RotationOrder	1
4	AnimationCurve	minCurve	32768
5	vector	m_Curve	32769
6	Array	Array	16385
7	int	size	1
7	Keyframe	data	1
8	float	time	1
8	float	value	1
8	float	inSlope	1
8	float	outSlope	1
8	int	weightedMode	1
8	float	inWeight	1
8	float	outWeight	1
5	int	m_PreInfinity	1
5	int	m_PostInfinity	1
5	int	m_RotationOrder	1
2	MultiModeParameter	arc	32768
3	float	value	0
3	int	mode	0
3	float	spread	0
3	MinMaxCurve	speed	32768
4	UInt16	minMaxState	16384
4	float	scalar	0
4	float	minScalar	0
4	AnimationCurve	maxCurve	32768
5	vector	m_Curve	32769
6	Array	Array	16385
7	int	size	1
7	Keyframe	data	1
8	float	time	1
8	float	value	1
8	float	inSlope	1
8	float	outSlope	1
8	int	weightedMode	1
8	float	inWeight	1
8	float	outWeight	1
5	int	m_PreInfinity	1
5	int	m_PostInfinity	1
5	int	m_RotationOrder	1
4	AnimationCurve	minCurve	32768
5	vector	m_Curve	32769
6	Array	Array	16385
7	int	size	1
7	Keyframe	data	1
8	float	time	1
8	float	value	1
8	float	inSlope	1
8	float	outSlope	1
8	int	weightedMode	1
8	float	inWeight	1
8	float	outWeight	1
5	int	m_PreInfinity	1
5	int	m_PostInfinity	1
5	int	m_RotationOrder	1
1	EmissionModule	EmissionModule	32768
2	bool	enabled	16384
2	MinMaxCurve	rateOverTime	32768
3	UInt16	minMaxState	16384
3	float	scalar	0
3	float	minScalar	0
3	AnimationCurve	maxCurve	32768
4	vector	m_Curve	32769
5	Array	Array	16385
6	int	size	1
6	Keyframe	data	1
7	float	time	1
7	float	value	1
7	float	inSlope	1
7	float	outSlope	1
7	int	weightedMode	1
7	float	inWeight	1
7	float	outWeight	1
4	int	m_PreInfinity	1
4	int	m_PostInfinity	1
4	int	m_RotationOrder	1
3	AnimationCurve	minCurve	32768
4	vector	m_Curve	32769
5	Array	Array	16385
6	int	size	1
6	Keyframe	data	1
7	float	time	1
7	float	value	1
7	float	inSlope	1
7	float	outSlope	1
7	int	weightedMode	1
7	float	inWeight	1
7	float	outWeight	1
4	int	m_PreInfinity	1
4	int	m_PostInfinity	1
4	int	m_RotationOrder	1
2	MinMaxCurve	rateOverDistance	32768
3	UInt16	minMaxState	16384
3	float	scalar	0
3	float	minScalar	0
3	AnimationCurve	maxCurve	32768
4	vector	m_Curve	32769
5	Array	Array	16385
6	int	size	1
6	Keyframe	data	1
7	float	time	1
7	float	value	1
7	float	inSlope	1
7	float	outSlope	1
7	int	weightedMode	1
7	float	inWeight	1
7	float	outWeight	1
4	int	m_PreInfinity	1
4	int	m_PostInfinity	1
4	int	m_RotationOrder	1
3	AnimationCurve	minCurve	32768
4	vector	m_Curve	32769
5	Array	Array	16385
6	int	size	1
6	Keyframe	data	1
7	float	time	1
7	float	value	1
7	float	inSlope	1
7	float	outSlope	1
7	int	weightedMode	1
7	float	inWeight	1
7	float	outWeight	1
4	int	m_PreInfinity	1
4	int	m_PostInfinity	1
4	int	m_RotationOrder	1
2	int	m_BurstCount	16384
2	vector	m_Bursts	32768
3	Array	Array	49152
4	int	size	0
4	ParticleSystemEmissionBurst	data	32768
5	float	time	0
5	MinMaxCurve	countCurve	32768
6	UInt16	minMaxState	16384
6	float	scalar	0
6	float	minScalar	0
6	AnimationCurve	maxCurve	32768
7	vector	m_Curve	32769
8	Array	Array	16385
9	int	size	1
9	Keyframe	data	1
10	float	time	1
10	float	value	1
10	float	inSlope	1
10	float	outSlope	1
10	int	weightedMode	1
10	float	inWeight	1
10	float	outWeight	1
7	int	m_PreInfinity	1
7	int	m_PostInfinity	1
7	int	m_RotationOrder	1
6	AnimationCurve	minCurve	32768
7	vector	m_Curve	32769
8	Array	Array	16385
9	int	size	1
9	Keyframe	data	1
10	float	time	1
10	float	value	1
10	float	inSlope	1
10	float	outSlope	1
10	int	weightedMode	1
10	float	inWeight	1
10	float	outWeight	1
7	int	m_PreInfinity	1
7	int	m_PostInfinity	1
7	int	m_RotationOrder	1
5	int	cycleCount	0
5	float	repeatInterval	0
5	float	probability	0
1	SizeModule	SizeModule	32768
2	bool	enabled	16384
2	MinMaxCurve	curve	32768
3	UInt16	minMaxState	16384
3	float	scalar	0
3	float	minScalar	0
3	AnimationCurve	maxCurve	32768
4	vector	m_Curve	32769
5	Array	Array	16385
6	int	size	1
6	Keyframe	data	1
7	float	time	1
7	float	value	1
7	float	inSlope	1
7	float	outSlope	1
7	int	weightedMode	1
7	float	inWeight	1
7	float	outWeight	1
4	int	m_PreInfinity	1
4	int	m_PostInfinity	1
4	int	m_RotationOrder	1
3	AnimationCurve	minCurve	32768
4	vector	m_Curve	32769
5	Array	Array	16385
6	int	size	1
6	Keyframe	data	1
7	float	time	1
7	float	value	1
7	float	inSlope	1
7	float	outSlope	1
7	int	weightedMode	1
7	float	inWeight	1
7	float	outWeight	1
4	int	m_PreInfinity	1
4	int	m_PostInfinity	1
4	int	m_RotationOrder	1
2	MinMaxCurve	y	32768
3	UInt16	minMaxState	16384
3	float	scalar	0
3	float	minScalar	0
3	AnimationCurve	maxCurve	32768
4	vector	m_Curve	32769
5	Array	Array	16385
6	int	size	1
6	Keyframe	data	1
7	float	time	1
7	float	value	1
7	float	inSlope	1
7	float	outSlope	1
7	int	weightedMode	1
7	float	inWeight	1
7	float	outWeight	1
4	int	m_PreInfinity	1
4	int	m_PostInfinity	1
4	int	m_RotationOrder	1
3	AnimationCurve	minCurve	32768
4	vector	m_Curve	32769
5	Array	Array	16385
6	int	size	1
6	Keyframe	data	1
7	float	time	1
7	float	value	1
7	float	inSlope	1
7	float	outSlope	1
7	int	weightedMode	1
7	float	inWeight	1
7	float	outWeight	1
4	int	m_PreInfinity	1
4	int	m_PostInfinity	1
4	int	m_RotationOrder	1
2	MinMaxCurve	z	32768
3	UInt16	minMaxState	16384
3	float	scalar	0
3	float	minScalar	0
3	AnimationCurve	maxCurve	32768
4	vector	m_Curve	32769
5	Array	Array	16385
6	int	size	1
6	Keyframe	data	1
7	float	time	1
7	float	value	1
7	float	inSlope	1
7	float	outSlope	1
7	int	weightedMode	1
7	float	inWeight	1
7	float	outWeight	1
4	int	m_PreInfinity	1
4	int	m_PostInfinity	1
4	int	m_RotationOrder	1
3	AnimationCurve	minCurve	32768
4	vector	m_Curve	32769
5	Array	Array	16385
6	int	size	1
6	Keyframe	data	1
7	float	time	1
7	float	value	1
7	float	inSlope	1
7	float	outSlope	1
7	int	weightedMode	1
7	float	inWeight	1
7	float	outWeight	1
4	int	m_PreInfinity	1
4	int	m_PostInfinity	1
4	int	m_RotationOrder	1
2	bool	separateAxes	16384
1	RotationModule	RotationModule	32768
2	bool	enabled	16384
2	MinMaxCurve	x	32768
3	UInt16	minMaxState	16384
3	float	scalar	0
3	float	minScalar	0
3	AnimationCurve	maxCurve	32768
4	vector	m_Curve	32769
5	Array	Array	16385
6	int	size	1
6	Keyframe	data	1
7	float	time	1
7	float	value	1
7	float	inSlope	1
7	float	outSlope	1
7	int	weightedMode	1
7	float	inWeight	1
7	float	outWeight	1
4	int	m_PreInfinity	1
4	int	m_PostInfinity	1
4	int	m_RotationOrder	1
3	AnimationCurve	minCurve	32768
4	vector	m_Curve	32769
5	Array	Array	16385
6	int	size	1
6	Keyframe	data	1
7	float	time	1
7	float	value	1
7	float	inSlope	1
7	float	outSlope	1
7	int	weightedMode	1
7	float	inWeight	1
7	float	outWeight	1
4	int	m_PreInfinity	1
4	int	m_PostInfinity	1
4	int	m_RotationOrder	1
2	MinMaxCurve	y	32768
3	UInt16	minMaxState	16384
3	float	scalar	0
3	float	minScalar	0
3	AnimationCurve	maxCurve	32768
4	vector	m_Curve	32769
5	Array	Array	16385
6	int	size	1
6	Keyframe	data	1
7	float	time	1
7	float	value	1
7	float	inSlope	1
7	float	outSlope	1
7	int	weightedMode	1
7	float	inWeight	1
7	float	outWeight	1
4	int	m_PreInfinity	1
4	int	m_PostInfinity	1
4	int	m_RotationOrder	1
3	AnimationCurve	minCurve	32768
4	vector	m_Curve	32769
5	Array	Array	16385
6	int	size	1
6	Keyframe	data	1
7	float	time	1
7	float	value	1
7	float	inSlope	1
7	float	outSlope	1
7	int	weightedMode	1
7	float	inWeight	1
7	float	outWeight	1
4	int	m_PreInfinity	1
4	int	m_PostInfinity	1
4	int	m_RotationOrder	1
2	MinMaxCurve	curve	32768
3	UInt16	minMaxState	16384
3	float	scalar	0
3	float	minScalar	0
3	AnimationCurve	maxCurve	32768
4	vector	m_Curve	32769
5	Array	Array	16385
6	int	size	1
6	Keyframe	data	1
7	float	time	1
7	float	value	1
7	float	inSlope	1
7	float	outSlope	1
7	int	weightedMode	1
7	float	inWeight	1
7	float	outWeight	1
4	int	m_PreInfinity	1
4	int	m_PostInfinity	1
4	int	m_RotationOrder	1
3	AnimationCurve	minCurve	32768
4	vector	m_Curve	32769
5	Array	Array	16385
6	int	size	1
6	Keyframe	data	1
7	float	time	1
7	float	value	1
7	float	inSlope	1
7	float	outSlope	1
7	int	weightedMode	1
7	float	inWeight	1
7	float	outWeight	1
4	int	m_PreInfinity	1
4	int	m_PostInfinity	1
4	int	m_RotationOrder	1
2	bool	separateAxes	16384
1	ColorModule	ColorModule	32768
2	bool	enabled	16384
2	MinMaxGradient	gradient	32768
3	UInt16	minMaxState	16384
3	ColorRGBA	minColor	2097152
4	float	r	2097153
4	float	g	2097153
4	float	b	2097153
4	float	a	2097153
3	ColorRGBA	maxColor	2097152
4	float	r	2097153
4	float	g	2097153
4	float	b	2097153
4	float	a	2097153
3	Gradient	maxGradient	32768
4	ColorRGBA	key0	2097153
5	float	r	2097153
5	float	g	2097153
5	float	b	2097153
5	float	a	2097153
4	ColorRGBA	key1	2097153
5	float	r	2097153
5	float	g	2097153
5	float	b	2097153
5	float	a	2097153
4	ColorRGBA	key2	2097153
5	float	r	2097153
5	float	g	2097153
5	float	b	2097153
5	float	a	2097153
4	ColorRGBA	key3	2097153
5	float	r	2097153
5	float	g	2097153
5	float	b	2097153
5	float	a	2097153
4	ColorRGBA	key4	2097153
5	float	r	2097153
5	float	g	2097153
5	float	b	2097153
5	float	a	2097153
4	ColorRGBA	key5	2097153
5	float	r	2097153
5	float	g	2097153
5	float	b	2097153
5	float	a	2097153
4	ColorRGBA	key6	2097153
5	float	r	2097153
5	float	g	2097153
5	float	b	2097153
5	float	a	2097153
4	ColorRGBA	key7	2097153
5	float	r	2097153
5	float	g	2097153
5	float	b	2097153
5	float	a	2097153
4	UInt16	ctime0	1
4	UInt16	ctime1	1
4	UInt16	ctime2	1
4	UInt16	ctime3	1
4	UInt16	ctime4	1
4	UInt16	ctime5	1
4	UInt16	ctime6	1
4	UInt16	ctime7	1
4	UInt16	atime0	1
4	UInt16	atime1	1
4	UInt16	atime2	1
4	UInt16	atime3	1
4	UInt16	atime4	1
4	UInt16	atime5	1
4	UInt16	atime6	1
4	UInt16	atime7	1
4	UInt8	m_Mode	1
4	SInt8	m_ColorSpace	1
4	UInt8	m_NumColorKeys	1
4	UInt8	m_NumAlphaKeys	16385
3	Gradient	minGradient	32768
4	ColorRGBA	key0	2097153
5	float	r	2097153
5	float	g	2097153
5	float	b	2097153
5	float	a	2097153
4	ColorRGBA	key1	2097153
5	float	r	2097153
5	float	g	2097153
5	float	b	2097153
5	float	a	2097153
4	ColorRGBA	key2	2097153
5	float	r	2097153
5	float	g	2097153
5	float	b	2097153
5	float	a	2097153
4	ColorRGBA	key3	2097153
5	float	r	2097153
5	float	g	2097153
5	float	b	2097153
5	float	a	2097153
4	ColorRGBA	key4	2097153
5	float	r	2097153
5	float	g	2097153
5	float	b	2097153
5	float	a	2097153
4	ColorRGBA	key5	2097153
5	float	r	2097153
5	float	g	2097153
5	float	b	2097153
5	float	a	2097153
4	ColorRGBA	key6	2097153
5	float	r	2097153
5	float	g	2097153
5	float	b	2097153
5	float	a	2097153
4	ColorRGBA	key7	2097153
5	float	r	2097153
5	float	g	2097153
5	float	b	2097153
5	float	a	2097153
4	UInt16	ctime0	1
4	UInt16	ctime1	1
4	UInt16	ctime2	1
4	UInt16	ctime3	1
4	UInt16	ctime4	1
4	UInt16	ctime5	1
4	UInt16	ctime6	1
4	UInt16	ctime7	1
4	UInt16	atime0	1
4	UInt16	atime1	1
4	UInt16	atime2	1
4	UInt16	atime3	1
4	UInt16	atime4	1
4	UInt16	atime5	1
4	UInt16	atime6	1
4	UInt16	atime7	1
4	UInt8	m_Mode	1
4	SInt8	m_ColorSpace	1
4	UInt8	m_NumColorKeys	1
4	UInt8	m_NumAlphaKeys	16385
1	UVModule	UVModule	32768
2	bool	enabled	16384
2	int	mode	0
2	int	timeMode	0
2	float	fps	0
2	MinMaxCurve	frameOverTime	32768
3	UInt16	minMaxState	16384
3	float	scalar	0
3	float	minScalar	0
3	AnimationCurve	maxCurve	32768
4	vector	m_Curve	32769
5	Array	Array	16385
6	int	size	1
6	Keyframe	data	1
7	float	time	1
7	float	value	1
7	float	inSlope	1
7	float	outSlope	1
7	int	weightedMode	1
7	float	inWeight	1
7	float	outWeight	1
4	int	m_PreInfinity	1
4	int	m_PostInfinity	1
4	int	m_RotationOrder	1
3	AnimationCurve	minCurve	32768
4	vector	m_Curve	32769
5	Array	Array	16385
6	int	size	1
6	Keyframe	data	1
7	float	time	1
7	float	value	1
7	float	inSlope	1
7	float	outSlope	1
7	int	weightedMode	1
7	float	inWeight	1
7	float	outWeight	1
4	int	m_PreInfinity	1
4	int	m_PostInfinity	1
4	int	m_RotationOrder	1
2	MinMaxCurve	startFrame	32768
3	UInt16	minMaxState	16384
3	float	scalar	0
3	float	minScalar	0
3	AnimationCurve	maxCurve	32768
4	vector	m_Curve	32769
5	Array	Array	16385
6	int	size	1
6	Keyframe	data	1
7	float	time	1
7	float	value	1
7	float	inSlope	1
7	float	outSlope	1
7	int	weightedMode	1
7	float	inWeight	1
7	float	outWeight	1
4	int	m_PreInfinity	1
4	int	m_PostInfinity	1
4	int	m_RotationOrder	1
3	AnimationCurve	minCurve	32768
4	vector	m_Curve	32769
5	Array	Array	16385
6	int	size	1
6	Keyframe	data	1
7	float	time	1
7	float	value	1
7	float	inSlope	1
7	float	outSlope	1
7	int	weightedMode	1
7	float	inWeight	1
7	float	outWeight	1
4	int	m_PreInfinity	1
4	int	m_PostInfinity	1
4	int	m_RotationOrder	1
2	Vector2f	speedRange	2097152
3	float	x	2097152
3	float	y	2097152
2	int	tilesX	0
2	int	tilesY	0
2	int	animationType	0
2	int	rowIndex	0
2	float	cycles	0
2	int	uvChannelMask	0
2	int	rowMode	0
2	vector	sprites	32768
3	Array	Array	16384
4	int	size	0
4	SpriteData	data	0
5	PPtr<Object>	sprite	0
6	int	m_FileID	8388609
6	SInt64	m_PathID	8388609
2	float	flipU	0
2	float	flipV	0
1	VelocityModule	VelocityModule	32768
2	bool	enabled	16384
2	MinMaxCurve	x	32768
3	UInt16	minMaxState	16384
3	float	scalar	0
3	float	minScalar	0
3	AnimationCurve	maxCurve	32768
4	vector	m_Curve	32769
5	Array	Array	16385
6	int	size	1
6	Keyframe	data	1
7	float	time	1
7	float	value	1
7	float	inSlope	1
7	float	outSlope	1
7	int	weightedMode	1
7	float	inWeight	1
7	float	outWeight	1
4	int	m_PreInfinity	1
4	int	m_PostInfinity	1
4	int	m_RotationOrder	1
3	AnimationCurve	minCurve	32768
4	vector	m_Curve	32769
5	Array	Array	16385
6	int	size	1
6	Keyframe	data	1
7	float	time	1
7	float	value	1
7	float	inSlope	1
7	float	outSlope	1
7	int	weightedMode	1
7	float	inWeight	1
7	float	outWeight	1
4	int	m_PreInfinity	1
4	int	m_PostInfinity	1
4	int	m_RotationOrder	1
2	MinMaxCurve	y	32768
3	UInt16	minMaxState	16384
3	float	scalar	0
3	float	minScalar	0
3	AnimationCurve	maxCurve	32768
4	vector	m_Curve	32769
5	Array	Array	16385
6	int	size	1
6	Keyframe	data	1
7	float	time	1
7	float	value	1
7	float	inSlope	1
7	float	outSlope	1
7	int	weightedMode	1
7	float	inWeight	1
7	float	outWeight	1
4	int	m_PreInfinity	1
4	int	m_PostInfinity	1
4	int	m_RotationOrder	1
3	AnimationCurve	minCurve	32768
4	vector	m_Curve	32769
5	Array	Array	16385
6	int	size	1
6	Keyframe	data	1
7	float	time	1
7	float	value	1
7	float	inSlope	1
7	float	outSlope	1
7	int	weightedMode	1
7	float	inWeight	1
7	float	outWeight	1
4	int	m_PreInfinity	1
4	int	m_PostInfinity	1
4	int	m_RotationOrder	1
2	MinMaxCurve	z	32768
3	UInt16	minMaxState	16384
3	float	scalar	0
3	float	minScalar	0
3	AnimationCurve	maxCurve	32768
4	vector	m_Curve	32769
5	Array	Array	16385
6	int	size	1
6	Keyframe	data	1
7	float	time	1
7	float	value	1
7	float	inSlope	1
7	float	outSlope	1
7	int	weightedMode	1
7	float	inWeight	1
7	float	outWeight	1
4	int	m_PreInfinity	1
4	int	m_PostInfinity	1
4	int	m_RotationOrder	1
3	AnimationCurve	minCurve	32768
4	vector	m_Curve	32769
5	Array	Array	16385
6	int	size	1
6	Keyframe	data	1
7	float	time	1
7	float	value	1
7	float	inSlope	1
7	float	outSlope	1
7	int	weightedMode	1
7	float	inWeight	1
7	float	outWeight	1
4	int	m_PreInfinity	1
4	int	m_PostInfinity	1
4	int	m_RotationOrder	1
2	MinMaxCurve	orbitalX	32768
3	UInt16	minMaxState	16384
3	float	scalar	0
3	float	minScalar	0
3	AnimationCurve	maxCurve	32768
4	vector	m_Curve	32769
5	Array	Array	16385
6	int	size	1
6	Keyframe	data	1
7	float	time	1
7	float	value	1
7	float	inSlope	1
7	float	outSlope	1
7	int	weightedMode	1
7	float	inWeight	1
7	float	outWeight	1
4	int	m_PreInfinity	1
4	int	m_PostInfinity	1
4	int	m_RotationOrder	1
3	AnimationCurve	minCurve	32768
4	vector	m_Curve	32769
5	Array	Array	16385
6	int	size	1
6	Keyframe	data	1
7	float	time	1
7	float	value	1
7	float	inSlope	1
7	float	outSlope	1
7	int	weightedMode	1
7	float	inWeight	1
7	float	outWeight	1
4	int	m_PreInfinity	1
4	int	m_PostInfinity	1
4	int	m_RotationOrder	1
2	MinMaxCurve	orbitalY	32768
3	UInt16	minMaxState	16384
3	float	scalar	0
3	float	minScalar	0
3	AnimationCurve	maxCurve	32768
4	vector	m_Curve	32769
5	Array	Array	16385
6	int	size	1
6	Keyframe	data	1
7	float	time	1
7	float	value	1
7	float	inSlope	1
7	float	outSlope	1
7	int	weightedMode	1
7	float	inWeight	1
7	float	outWeight	1
4	int	m_PreInfinity	1
4	int	m_PostInfinity	1
4	int	m_RotationOrder	1
3	AnimationCurve	minCurve	32768
4	vector	m_Curve	32769
5	Array	Array	16385
6	int	size	1
6	Keyframe	data	1
7	float	time	1
7	float	value	1
7	float	inSlope	1
7	float	outSlope	1
7	int	weightedMode	1
7	float	inWeight	1
7	float	outWeight	1
4	int	m_PreInfinity	1
4	int	m_PostInfinity	1
4	int	m_RotationOrder	1
2	MinMaxCurve	orbitalZ	32768
3	UInt16	minMaxState	16384
3	float	scalar	0
3	float	minScalar	0
3	AnimationCurve	maxCurve	32768
4	vector	m_Curve	32769
5	Array	Array	16385
6	int	size	1
6	Keyframe	data	1
7	float	time	1
7	float	value	1
7	float	inSlope	1
7	float	outSlope	1
7	int	weightedMode	1
7	float	inWeight	1
7	float	outWeight	1
4	int	m_PreInfinity	1
4	int	m_PostInfinity	1
4	int	m_RotationOrder	1
3	AnimationCurve	minCurve	32768
4	vector	m_Curve	32769
5	Array	Array	16385
6	int	size	1
6	Keyframe	data	1
7	float	time	1
7	float	value	1
7	float	inSlope	1
7	float	outSlope	1
7	int	weightedMode	1
7	float	inWeight	1
7	float	outWeight	1
4	int	m_PreInfinity	1
4	int	m_PostInfinity	1
4	int	m_RotationOrder	1
2	MinMaxCurve	orbitalOffsetX	32768
3	UInt16	minMaxState	16384
3	float	scalar	0
3	float	minScalar	0
3	AnimationCurve	maxCurve	32768
4	vector	m_Curve	32769
5	Array	Array	16385
6	int	size	1
6	Keyframe	data	1
7	float	time	1
7	float	value	1
7	float	inSlope	1
7	float	outSlope	1
7	int	weightedMode	1
7	float	inWeight	1
7	float	outWeight	1
4	int	m_PreInfinity	1
4	int	m_PostInfinity	1
4	int	m_RotationOrder	1
3	AnimationCurve	minCurve	32768
4	vector	m_Curve	32769
5	Array	Array	16385
6	int	size	1
6	Keyframe	data	1
7	float	time	1
7	float	value	1
7	float	inSlope	1
7	float	outSlope	1
7	int	weightedMode	1
7	float	inWeight	1
7	float	outWeight	1
4	int	m_PreInfinity	1
4	int	m_PostInfinity	1
4	int	m_RotationOrder	1
2	MinMaxCurve	orbitalOffsetY	32768
3	UInt16	minMaxState	16384
3	float	scalar	0
3	float	minScalar	0
3	AnimationCurve	maxCurve	32768
4	vector	m_Curve	32769
5	Array	Array	16385
6	int	size	1
6	Keyframe	data	1
7	float	time	1
7	float	value	1
7	float	inSlope	1
7	float	outSlope	1
7	int	weightedMode	1
7	float	inWeight	1
7	float	outWeight	1
4	int	m_PreInfinity	1
4	int	m_PostInfinity	1
4	int	m_RotationOrder	1
3	AnimationCurve	minCurve	32768
4	vector	m_Curve	32769
5	Array	Array	16385
6	int	size	1
6	Keyframe	data	1
7	float	time	1
7	float	value	1
7	float	inSlope	1
7	float	outSlope	1
7	int	weightedMode	1
7	float	inWeight	1
7	float	outWeight	1
4	int	m_PreInfinity	1
4	int	m_PostInfinity	1
4	int	m_RotationOrder	1
2	MinMaxCurve	orbitalOffsetZ	32768
3	UInt16	minMaxState	16384
3	float	scalar	0
3	float	minScalar	0
3	AnimationCurve	maxCurve	32768
4	vector	m_Curve	32769
5	Array	Array	16385
6	int	size	1
6	Keyframe	data	1
7	float	time	1
7	float	value	1
7	float	inSlope	1
7	float	outSlope	1
7	int	weightedMode	1
7	float	inWeight	1
7	float	outWeight	1
4	int	m_PreInfinity	1
4	int	m_PostInfinity	1
4	int	m_RotationOrder	1
3	AnimationCurve	minCurve	32768
4	vector	m_Curve	32769
5	Array	Array	16385
6	int	size	1
6	Keyframe	data	1
7	float	time	1
7	float	value	1
7	float	inSlope	1
7	float	outSlope	1
7	int	weightedMode	1
7	float	inWeight	1
7	float	outWeight	1
4	int	m_PreInfinity	1
4	int	m_PostInfinity	1
4	int	m_RotationOrder	1
2	MinMaxCurve	radial	32768
3	UInt16	minMaxState	16384
3	float	scalar	0
3	float	minScalar	0
3	AnimationCurve	maxCurve	32768
4	vector	m_Curve	32769
5	Array	Array	16385
6	int	size	1
6	Keyframe	data	1
7	float	time	1
7	float	value	1
7	float	inSlope	1
7	float	outSlope	1
7	int	weightedMode	1
7	float	inWeight	1
7	float	outWeight	1
4	int	m_PreInfinity	1
4	int	m_PostInfinity	1
4	int	m_RotationOrder	1
3	AnimationCurve	minCurve	32768
4	vector	m_Curve	32769
5	Array	Array	16385
6	int	size	1
6	Keyframe	data	1
7	float	time	1
7	float	value	1
7	float	inSlope	1
7	float	outSlope	1
7	int	weightedMode	1
7	float	inWeight	1
7	float	outWeight	1
4	int	m_PreInfinity	1
4	int	m_PostInfinity	1
4	int	m_RotationOrder	1
2	MinMaxCurve	speedModifier	32768
3	UInt16	minMaxState	16384
3	float	scalar	0
3	float	minScalar	0
3	AnimationCurve	maxCurve	32768
4	vector	m_Curve	32769
5	Array	Array	16385
6	int	size	1
6	Keyframe	data	1
7	float	time	1
7	float	value	1
7	float	inSlope	1
7	float	outSlope	1
7	int	weightedMode	1
7	float	inWeight	1
7	float	outWeight	1
4	int	m_PreInfinity	1
4	int	m_PostInfinity	1
4	int	m_RotationOrder	1
3	AnimationCurve	minCurve	32768
4	vector	m_Curve	32769
5	Array	Array	16385
6	int	size	1
6	Keyframe	data	1
7	float	time	1
7	float	value	1
7	float	inSlope	1
7	float	outSlope	1
7	int	weightedMode	1
7	float	inWeight	1
7	float	outWeight	1
4	int	m_PreInfinity	1
4	int	m_PostInfinity	1
4	int	m_RotationOrder	1
2	bool	inWorldSpace	16384
1	InheritVelocityModule	InheritVelocityModule	32768
2	bool	enabled	16384
2	int	m_Mode	0
2	MinMaxCurve	m_Curve	32768
3	UInt16	minMaxState	16384
3	float	scalar	0
3	float	minScalar	0
3	AnimationCurve	maxCurve	32768
4	vector	m_Curve	32769
5	Array	Array	16385
6	int	size	1
6	Keyframe	data	1
7	float	time	1
7	float	value	1
7	float	inSlope	1
7	float	outSlope	1
7	int	weightedMode	1
7	float	inWeight	1
7	float	outWeight	1
4	int	m_PreInfinity	1
4	int	m_PostInfinity	1
4	int	m_RotationOrder	1
3	AnimationCurve	minCurve	32768
4	vector	m_Curve	32769
5	Array	Array	16385
6	int	size	1
6	Keyframe	data	1
7	float	time	1
7	float	value	1
7	float	inSlope	1
7	float	outSlope	1
7	int	weightedMode	1
7	float	inWeight	1
7	float	outWeight	1
4	int	m_PreInfinity	1
4	int	m_PostInfinity	1
4	int	m_RotationOrder	1
1	LifetimeByEmitterSpeedModule	LifetimeByEmitterSpeedModule	32768
2	bool	enabled	16384
2	MinMaxCurve	m_Curve	32768
3	UInt16	minMaxState	16384
3	float	scalar	0
3	float	minScalar	0
3	AnimationCurve	maxCurve	32768
4	vector	m_Curve	32769
5	Array	Array	16385
6	int	size	1
6	Keyframe	data	1
7	float	time	1
7	float	value	1
7	float	inSlope	1
7	float	outSlope	1
7	int	weightedMode	1
7	float	inWeight	1
7	float	outWeight	1
4	int	m_PreInfinity	1
4	int	m_PostInfinity	1
4	int	m_RotationOrder	1
3	AnimationCurve	minCurve	32768
4	vector	m_Curve	32769
5	Array	Array	16385
6	int	size	1
6	Keyframe	data	1
7	float	time	1
7	float	value	1
7	float	inSlope	1
7	float	outSlope	1
7	int	weightedMode	1
7	float	inWeight	1
7	float	outWeight	1
4	int	m_PreInfinity	1
4	int	m_PostInfinity	1
4	int	m_RotationOrder	1
2	Vector2f	m_Range	2097152
3	float	x	2097152
3	float	y	2097152
1	ForceModule	ForceModule	32768
2	bool	enabled	16384
2	MinMaxCurve	x	32768
3	UInt16	minMaxState	16384
3	float	scalar	0
3	float	minScalar	0
3	AnimationCurve	maxCurve	32768
4	vector	m_Curve	32769
5	Array	Array	16385
6	int	size	1
6	Keyframe	data	1
7	float	time	1
7	float	value	1
7	float	inSlope	1
7	float	outSlope	1
7	int	weightedMode	1
7	float	inWeight	1
7	float	outWeight	1
4	int	m_PreInfinity	1
4	int	m_PostInfinity	1
4	int	m_RotationOrder	1
3	AnimationCurve	minCurve	32768
4	vector	m_Curve	32769
5	Array	Array	16385
6	int	size	1
6	Keyframe	data	1
7	float	time	1
7	float	value	1
7	float	inSlope	1
7	float	outSlope	1
7	int	weightedMode	1
7	float	inWeight	1
7	float	outWeight	1
4	int	m_PreInfinity	1
4	int	m_PostInfinity	1
4	int	m_RotationOrder	1
2	MinMaxCurve	y	32768
3	UInt16	minMaxState	16384
3	float	scalar	0
3	float	minScalar	0
3	AnimationCurve	maxCurve	32768
4	vector	m_Curve	32769
5	Array	Array	16385
6	int	size	1
6	Keyframe	data	1
7	float	time	1
7	float	value	1
7	float	inSlope	1
7	float	outSlope	1
7	int	weightedMode	1
7	float	inWeight	1
7	float	outWeight	1
4	int	m_PreInfinity	1
4	int	m_PostInfinity	1
4	int	m_RotationOrder	1
3	AnimationCurve	minCurve	32768
4	vector	m_Curve	32769
5	Array	Array	16385
6	int	size	1
6	Keyframe	data	1
7	float	time	1
7	float	value	1
7	float	inSlope	1
7	float	outSlope	1
7	int	weightedMode	1
7	float	inWeight	1
7	float	outWeight	1
4	int	m_PreInfinity	1
4	int	m_PostInfinity	1
4	int	m_RotationOrder	1
2	MinMaxCurve	z	32768
3	UInt16	minMaxState	16384
3	float	scalar	0
3	float	minScalar	0
3	AnimationCurve	maxCurve	32768
4	vector	m_Curve	32769
5	Array	Array	16385
6	int	size	1
6	Keyframe	data	1
7	float	time	1
7	float	value	1
7	float	inSlope	1
7	float	outSlope	1
7	int	weightedMode	1
7	float	inWeight	1
7	float	outWeight	1
4	int	m_PreInfinity	1
4	int	m_PostInfinity	1
4	int	m_RotationOrder	1
3	AnimationCurve	minCurve	32768
4	vector	m_Curve	32769
5	Array	Array	16385
6	int	size	1
6	Keyframe	data	1
7	float	time	1
7	float	value	1
7	float	inSlope	1
7	float	outSlope	1
7	int	weightedMode	1
7	float	inWeight	1
7	float	outWeight	1
4	int	m_PreInfinity	1
4	int	m_PostInfinity	1
4	int	m_RotationOrder	1
2	bool	inWorldSpace	0
2	bool	randomizePerFrame	16384
1	ExternalForcesModule	ExternalForcesModule	32768
2	bool	enabled	16384
2	MinMaxCurve	multiplierCurve	32768
3	UInt16	minMaxState	16384
3	float	scalar	0
3	float	minScalar	0
3	AnimationCurve	maxCurve	32768
4	vector	m_Curve	32769
5	Array	Array	16385
6	int	size	1
6	Keyframe	data	1
7	float	time	1
7	float	value	1
7	float	inSlope	1
7	float	outSlope	1
7	int	weightedMode	1
7	float	inWeight	1
7	float	outWeight	1
4	int	m_PreInfinity	1
4	int	m_PostInfinity	1
4	int	m_RotationOrder	1
3	AnimationCurve	minCurve	32768
4	vector	m_Curve	32769
5	Array	Array	16385
6	int	size	1
6	Keyframe	data	1
7	float	time	1
7	float	value	1
7	float	inSlope	1
7	float	outSlope	1
7	int	weightedMode	1
7	float	inWeight	1
7	float	outWeight	1
4	int	m_PreInfinity	1
4	int	m_PostInfinity	1
4	int	m_RotationOrder	1
2	int	influenceFilter	0
2	BitField	influenceMask	0
3	unsigned int	m_Bits	4194305
2	vector	influenceList	32768
3	Array	Array	16384
4	int	size	0
4	PPtr<ParticleSystemForceField>	data	0
5	int	m_FileID	8388609
5	SInt64	m_PathID	8388609
1	ClampVelocityModule	ClampVelocityModule	32768
2	bool	enabled	16384
2	MinMaxCurve	x	32768
3	UInt16	minMaxState	16384
3	float	scalar	0
3	float	minScalar	0
3	AnimationCurve	maxCurve	32768
4	vector	m_Curve	32769
5	Array	Array	16385
6	int	size	1
6	Keyframe	data	1
7	float	time	1
7	float	value	1
7	float	inSlope	1
7	float	outSlope	1
7	int	weightedMode	1
7	float	inWeight	1
7	float	outWeight	1
4	int	m_PreInfinity	1
4	int	m_PostInfinity	1
4	int	m_RotationOrder	1
3	AnimationCurve	minCurve	32768
4	vector	m_Curve	32769
5	Array	Array	16385
6	int	size	1
6	Keyframe	data	1
7	float	time	1
7	float	value	1
7	float	inSlope	1
7	float	outSlope	1
7	int	weightedMode	1
7	float	inWeight	1
7	float	outWeight	1
4	int	m_PreInfinity	1
4	int	m_PostInfinity	1
4	int	m_RotationOrder	1
2	MinMaxCurve	y	32768
3	UInt16	minMaxState	16384
3	float	scalar	0
3	float	minScalar	0
3	AnimationCurve	maxCurve	32768
4	vector	m_Curve	32769
5	Array	Array	16385
6	int	size	1
6	Keyframe	data	1
7	float	time	1
7	float	value	1
7	float	inSlope	1
7	float	outSlope	1
7	int	weightedMode	1
7	float	inWeight	1
7	float	outWeight	1
4	int	m_PreInfinity	1
4	int	m_PostInfinity	1
4	int	m_RotationOrder	1
3	AnimationCurve	minCurve	32768
4	vector	m_Curve	32769
5	Array	Array	16385
6	int	size	1
6	Keyframe	data	1
7	float	time	1
7	float	value	1
7	float	inSlope	1
7	float	outSlope	1
7	int	weightedMode	1
7	float	inWeight	1
7	float	outWeight	1
4	int	m_PreInfinity	1
4	int	m_PostInfinity	1
4	int	m_RotationOrder	1
2	MinMaxCurve	z	32768
3	UInt16	minMaxState	16384
3	float	scalar	0
3	float	minScalar	0
3	AnimationCurve	maxCurve	32768
4	vector	m_Curve	32769
5	Array	Array	16385
6	int	size	1
6	Keyframe	data	1
7	float	time	1
7	float	value	1
7	float	inSlope	1
7	float	outSlope	1
7	int	weightedMode	1
7	float	inWeight	1
7	float	outWeight	1
4	int	m_PreInfinity	1
4	int	m_PostInfinity	1
4	int	m_RotationOrder	1
3	AnimationCurve	minCurve	32768
4	vector	m_Curve	32769
5	Array	Array	16385
6	int	size	1
6	Keyframe	data	1
7	float	time	1
7	float	value	1
7	float	inSlope	1
7	float	outSlope	1
7	int	weightedMode	1
7	float	inWeight	1
7	float	outWeight	1
4	int	m_PreInfinity	1
4	int	m_PostInfinity	1
4	int	m_RotationOrder	1
2	MinMaxCurve	magnitude	32768
3	UInt16	minMaxState	16384
3	float	scalar	0
3	float	minScalar	0
3	AnimationCurve	maxCurve	32768
4	vector	m_Curve	32769
5	Array	Array	16385
6	int	size	1
6	Keyframe	data	1
7	float	time	1
7	float	value	1
7	float	inSlope	1
7	float	outSlope	1
7	int	weightedMode	1
7	float	inWeight	1
7	float	outWeight	1
4	int	m_PreInfinity	1
4	int	m_PostInfinity	1
4	int	m_RotationOrder	1
3	AnimationCurve	minCurve	32768
4	vector	m_Curve	32769
5	Array	Array	16385
6	int	size	1
6	Keyframe	data	1
7	float	time	1
7	float	value	1
7	float	inSlope	1
7	float	outSlope	1
7	int	weightedMode	1
7	float	inWeight	1
7	float	outWeight	1
4	int	m_PreInfinity	1
4	int	m_PostInfinity	1
4	int	m_RotationOrder	1
2	bool	separateAxis	0
2	bool	inWorldSpace	0
2	bool	multiplyDragByParticleSize	0
2	bool	multiplyDragByParticleVelocity	16384
2	float	dampen	0
2	MinMaxCurve	drag	32768
3	UInt16	minMaxState	16384
3	float	scalar	0
3	float	minScalar	0
3	AnimationCurve	maxCurve	32768
4	vector	m_Curve	32769
5	Array	Array	16385
6	int	size	1
6	Keyframe	data	1
7	float	time	1
7	float	value	1
7	float	inSlope	1
7	float	outSlope	1
7	int	weightedMode	1
7	float	inWeight	1
7	float	outWeight	1
4	int	m_PreInfinity	1
4	int	m_PostInfinity	1
4	int	m_RotationOrder	1
3	AnimationCurve	minCurve	32768
4	vector	m_Curve	32769
5	Array	Array	16385
6	int	size	1
6	Keyframe	data	1
7	float	time	1
7	float	value	1
7	float	inSlope	1
7	float	outSlope	1
7	int	weightedMode	1
7	float	inWeight	1
7	float	outWeight	1
4	int	m_PreInfinity	1
4	int	m_PostInfinity	1
4	int	m_RotationOrder	1
1	NoiseModule	NoiseModule	32768
2	bool	enabled	16384
2	MinMaxCurve	strength	32768
3	UInt16	minMaxState	16384
3	float	scalar	0
3	float	minScalar	0
3	AnimationCurve	maxCurve	32768
4	vector	m_Curve	32769
5	Array	Array	16385
6	int	size	1
6	Keyframe	data	1
7	float	time	1
7	float	value	1
7	float	inSlope	1
7	float	outSlope	1
7	int	weightedMode	1
7	float	inWeight	1
7	float	outWeight	1
4	int	m_PreInfinity	1
4	int	m_PostInfinity	1
4	int	m_RotationOrder	1
3	AnimationCurve	minCurve	32768
4	vector	m_Curve	32769
5	Array	Array	16385
6	int	size	1
6	Keyframe	data	1
7	float	time	1
7	float	value	1
7	float	inSlope	1
7	float	outSlope	1
7	int	weightedMode	1
7	float	inWeight	1
7	float	outWeight	1
4	int	m_PreInfinity	1
4	int	m_PostInfinity	1
4	int	m_RotationOrder	1
2	MinMaxCurve	strengthY	32768
3	UInt16	minMaxState	16384
3	float	scalar	0
3	float	minScalar	0
3	AnimationCurve	maxCurve	32768
4	vector	m_Curve	32769
5	Array	Array	16385
6	int	size	1
6	Keyframe	data	1
7	float	time	1
7	float	value	1
7	float	inSlope	1
7	float	outSlope	1
7	int	weightedMode	1
7	float	inWeight	1
7	float	outWeight	1
4	int	m_PreInfinity	1
4	int	m_PostInfinity	1
4	int	m_RotationOrder	1
3	AnimationCurve	minCurve	32768
4	vector	m_Curve	32769
5	Array	Array	16385
6	int	size	1
6	Keyframe	data	1
7	float	time	1
7	float	value	1
7	float	inSlope	1
7	float	outSlope	1
7	int	weightedMode	1
7	float	inWeight	1
7	float	outWeight	1
4	int	m_PreInfinity	1
4	int	m_PostInfinity	1
4	int	m_RotationOrder	1
2	MinMaxCurve	strengthZ	32768
3	UInt16	minMaxState	16384
3	float	scalar	0
3	float	minScalar	0
3	AnimationCurve	maxCurve	32768
4	vector	m_Curve	32769
5	Array	Array	16385
6	int	size	1
6	Keyframe	data	1
7	float	time	1
7	float	value	1
7	float	inSlope	1
7	float	outSlope	1
7	int	weightedMode	1
7	float	inWeight	1
7	float	outWeight	1
4	int	m_PreInfinity	1
4	int	m_PostInfinity	1
4	int	m_RotationOrder	1
3	AnimationCurve	minCurve	32768
4	vector	m_Curve	32769
5	Array	Array	16385
6	int	size	1
6	Keyframe	data	1
7	float	time	1
7	float	value	1
7	float	inSlope	1
7	float	outSlope	1
7	int	weightedMode	1
7	float	inWeight	1
7	float	outWeight	1
4	int	m_PreInfinity	1
4	int	m_PostInfinity	1
4	int	m_RotationOrder	1
2	bool	separateAxes	16384
2	float	frequency	0
2	bool	damping	16384
2	int	octaves	0
2	float	octaveMultiplier	0
2	float	octaveScale	0
2	int	quality	0
2	MinMaxCurve	scrollSpeed	32768
3	UInt16	minMaxState	16384
3	float	scalar	0
3	float	minScalar	0
3	AnimationCurve	maxCurve	32768
4	vector	m_Curve	32769
5	Array	Array	16385
6	int	size	1
6	Keyframe	data	1
7	float	time	1
7	float	value	1
7	float	inSlope	1
7	float	outSlope	1
7	int	weightedMode	1
7	float	inWeight	1
7	float	outWeight	1
4	int	m_PreInfinity	1
4	int	m_PostInfinity	1
4	int	m_RotationOrder	1
3	AnimationCurve	minCurve	32768
4	vector	m_Curve	32769
5	Array	Array	16385
6	int	size	1
6	Keyframe	data	1
7	float	time	1
7	float	value	1
7	float	inSlope	1
7	float	outSlope	1
7	int	weightedMode	1
7	float	inWeight	1
7	float	outWeight	1
4	int	m_PreInfinity	1
4	int	m_PostInfinity	1
4	int	m_RotationOrder	1
2	MinMaxCurve	remap	32768
3	UInt16	minMaxState	16384
3	float	scalar	0
3	float	minScalar	0
3	AnimationCurve	maxCurve	32768
4	vector	m_Curve	32769
5	Array	Array	16385
6	int	size	1
6	Keyframe	data	1
7	float	time	1
7	float	value	1
7	float	inSlope	1
7	float	outSlope	1
7	int	weightedMode	1
7	float	inWeight	1
7	float	outWeight	1
4	int	m_PreInfinity	1
4	int	m_PostInfinity	1
4	int	m_RotationOrder	1
3	AnimationCurve	minCurve	32768
4	vector	m_Curve	32769
5	Array	Array	16385
6	int	size	1
6	Keyframe	data	1
7	float	time	1
7	float	value	1
7	float	inSlope	1
7	float	outSlope	1
7	int	weightedMode	1
7	float	inWeight	1
7	float	outWeight	1
4	int	m_PreInfinity	1
4	int	m_PostInfinity	1
4	int	m_RotationOrder	1
2	MinMaxCurve	remapY	32768
3	UInt16	minMaxState	16384
3	float	scalar	0
3	float	minScalar	0
3	AnimationCurve	maxCurve	32768
4	vector	m_Curve	32769
5	Array	Array	16385
6	int	size	1
6	Keyframe	data	1
7	float	time	1
7	float	value	1
7	float	inSlope	1
7	float	outSlope	1
7	int	weightedMode	1
7	float	inWeight	1
7	float	outWeight	1
4	int	m_PreInfinity	1
4	int	m_PostInfinity	1
4	int	m_RotationOrder	1
3	AnimationCurve	minCurve	32768
4	vector	m_Curve	32769
5	Array	Array	16385
6	int	size	1
6	Keyframe	data	1
7	float	time	1
7	float	value	1
7	float	inSlope	1
7	float	outSlope	1
7	int	weightedMode	1
7	float	inWeight	1
7	float	outWeight	1
4	int	m_PreInfinity	1
4	int	m_PostInfinity	1
4	int	m_RotationOrder	1
2	MinMaxCurve	remapZ	32768
3	UInt16	minMaxState	16384
3	float	scalar	0
3	float	minScalar	0
3	AnimationCurve	maxCurve	32768
4	vector	m_Curve	32769
5	Array	Array	16385
6	int	size	1
6	Keyframe	data	1
7	float	time	1
7	float	value	1
7	float	inSlope	1
7	float	outSlope	1
7	int	weightedMode	1
7	float	inWeight	1
7	float	outWeight	1
4	int	m_PreInfinity	1
4	int	m_PostInfinity	1
4	int	m_RotationOrder	1
3	AnimationCurve	minCurve	32768
4	vector	m_Curve	32769
5	Array	Array	16385
6	int	size	1
6	Keyframe	data	1
7	float	time	1
7	float	value	1
7	float	inSlope	1
7	float	outSlope	1
7	int	weightedMode	1
7	float	inWeight	1
7	float	outWeight	1
4	int	m_PreInfinity	1
4	int	m_PostInfinity	1
4	int	m_RotationOrder	1
2	bool	remapEnabled	16384
2	MinMaxCurve	positionAmount	32768
3	UInt16	minMaxState	16384
3	float	scalar	0
3	float	minScalar	0
3	AnimationCurve	maxCurve	32768
4	vector	m_Curve	32769
5	Array	Array	16385
6	int	size	1
6	Keyframe	data	1
7	float	time	1
7	float	value	1
7	float	inSlope	1
7	float	outSlope	1
7	int	weightedMode	1
7	float	inWeight	1
7	float	outWeight	1
4	int	m_PreInfinity	1
4	int	m_PostInfinity	1
4	int	m_RotationOrder	1
3	AnimationCurve	minCurve	32768
4	vector	m_Curve	32769
5	Array	Array	16385
6	int	size	1
6	Keyframe	data	1
7	float	time	1
7	float	value	1
7	float	inSlope	1
7	float	outSlope	1
7	int	weightedMode	1
7	float	inWeight	1
7	float	outWeight	1
4	int	m_PreInfinity	1
4	int	m_PostInfinity	1
4	int	m_RotationOrder	1
2	MinMaxCurve	rotationAmount	32768
3	UInt16	minMaxState	16384
3	float	scalar	0
3	float	minScalar	0
3	AnimationCurve	maxCurve	32768
4	vector	m_Curve	32769
5	Array	Array	16385
6	int	size	1
6	Keyframe	data	1
7	float	time	1
7	float	value	1
7	float	inSlope	1
7	float	outSlope	1
7	int	weightedMode	1
7	float	inWeight	1
7	float	outWeight	1
4	int	m_PreInfinity	1
4	int	m_PostInfinity	1
4	int	m_RotationOrder	1
3	AnimationCurve	minCurve	32768
4	vector	m_Curve	32769
5	Array	Array	16385
6	int	size	1
6	Keyframe	data	1
7	float	time	1
7	float	value	1
7	float	inSlope	1
7	float	outSlope	1
7	int	weightedMode	1
7	float	inWeight	1
7	float	outWeight	1
4	int	m_PreInfinity	1
4	int	m_PostInfinity	1
4	int	m_RotationOrder	1
2	MinMaxCurve	sizeAmount	32768
3	UInt16	minMaxState	16384
3	float	scalar	0
3	float	minScalar	0
3	AnimationCurve	maxCurve	32768
4	vector	m_Curve	32769
5	Array	Array	16385
6	int	size	1
6	Keyframe	data	1
7	float	time	1
7	float	value	1
7	float	inSlope	1
7	float	outSlope	1
7	int	weightedMode	1
7	float	inWeight	1
7	float	outWeight	1
4	int	m_PreInfinity	1
4	int	m_PostInfinity	1
4	int	m_RotationOrder	1
3	AnimationCurve	minCurve	32768
4	vector	m_Curve	32769
5	Array	Array	16385
6	int	size	1
6	Keyframe	data	1
7	float	time	1
7	float	value	1
7	float	inSlope	1
7	float	outSlope	1
7	int	weightedMode	1
7	float	inWeight	1
7	float	outWeight	1
4	int	m_PreInfinity	1
4	int	m_PostInfinity	1
4	int	m_RotationOrder	1
1	SizeBySpeedModule	SizeBySpeedModule	32768
2	bool	enabled	16384
2	MinMaxCurve	curve	32768
3	UInt16	minMaxState	16384
3	float	scalar	0
3	float	minScalar	0
3	AnimationCurve	maxCurve	32768
4	vector	m_Curve	32769
5	Array	Array	16385
6	int	size	1
6	Keyframe	data	1
7	float	time	1
7	float	value	1
7	float	inSlope	1
7	float	outSlope	1
7	int	weightedMode	1
7	float	inWeight	1
7	float	outWeight	1
4	int	m_PreInfinity	1
4	int	m_PostInfinity	1
4	int	m_RotationOrder	1
3	AnimationCurve	minCurve	32768
4	vector	m_Curve	32769
5	Array	Array	16385
6	int	size	1
6	Keyframe	data	1
7	float	time	1
7	float	value	1
7	float	inSlope	1
7	float	outSlope	1
7	int	weightedMode	1
7	float	inWeight	1
7	float	outWeight	1
4	int	m_PreInfinity	1
4	int	m_PostInfinity	1
4	int	m_RotationOrder	1
2	MinMaxCurve	y	32768
3	UInt16	minMaxState	16384
3	float	scalar	0
3	float	minScalar	0
3	AnimationCurve	maxCurve	32768
4	vector	m_Curve	32769
5	Array	Array	16385
6	int	size	1
6	Keyframe	data	1
7	float	time	1
7	float	value	1
7	float	inSlope	1
7	float	outSlope	1
7	int	weightedMode	1
7	float	inWeight	1
7	float	outWeight	1
4	int	m_PreInfinity	1
4	int	m_PostInfinity	1
4	int	m_RotationOrder	1
3	AnimationCurve	minCurve	32768
4	vector	m_Curve	32769
5	Array	Array	16385
6	int	size	1
6	Keyframe	data	1
7	float	time	1
7	float	value	1
7	float	inSlope	1
7	float	outSlope	1
7	int	weightedMode	1
7	float	inWeight	1
7	float	outWeight	1
4	int	m_PreInfinity	1
4	int	m_PostInfinity	1
4	int	m_RotationOrder	1
2	MinMaxCurve	z	32768
3	UInt16	minMaxState	16384
3	float	scalar	0
3	float	minScalar	0
3	AnimationCurve	maxCurve	32768
4	vector	m_Curve	32769
5	Array	Array	16385
6	int	size	1
6	Keyframe	data	1
7	float	time	1
7	float	value	1
7	float	inSlope	1
7	float	outSlope	1
7	int	weightedMode	1
7	float	inWeight	1
7	float	outWeight	1
4	int	m_PreInfinity	1
4	int	m_PostInfinity	1
4	int	m_RotationOrder	1
3	AnimationCurve	minCurve	32768
4	vector	m_Curve	32769
5	Array	Array	16385
6	int	size	1
6	Keyframe	data	1
7	float	time	1
7	float	value	1
7	float	inSlope	1
7	float	outSlope	1
7	int	weightedMode	1
7	float	inWeight	1
7	float	outWeight	1
4	int	m_PreInfinity	1
4	int	m_PostInfinity	1
4	int	m_RotationOrder	1
2	Vector2f	range	2097152
3	float	x	2097152
3	float	y	2097152
2	bool	separateAxes	16384
1	RotationBySpeedModule	RotationBySpeedModule	32768
2	bool	enabled	16384
2	MinMaxCurve	x	32768
3	UInt16	minMaxState	16384
3	float	scalar	0
3	float	minScalar	0
3	AnimationCurve	maxCurve	32768
4	vector	m_Curve	32769
5	Array	Array	16385
6	int	size	1
6	Keyframe	data	1
7	float	time	1
7	float	value	1
7	float	inSlope	1
7	float	outSlope	1
7	int	weightedMode	1
7	float	inWeight	1
7	float	outWeight	1
4	int	m_PreInfinity	1
4	int	m_PostInfinity	1
4	int	m_RotationOrder	1
3	AnimationCurve	minCurve	32768
4	vector	m_Curve	32769
5	Array	Array	16385
6	int	size	1
6	Keyframe	data	1
7	float	time	1
7	float	value	1
7	float	inSlope	1
7	float	outSlope	1
7	int	weightedMode	1
7	float	inWeight	1
7	float	outWeight	1
4	int	m_PreInfinity	1
4	int	m_PostInfinity	1
4	int	m_RotationOrder	1
2	MinMaxCurve	y	32768
3	UInt16	minMaxState	16384
3	float	scalar	0
3	float	minScalar	0
3	AnimationCurve	maxCurve	32768
4	vector	m_Curve	32769
5	Array	Array	16385
6	int	size	1
6	Keyframe	data	1
7	float	time	1
7	float	value	1
7	float	inSlope	1
7	float	outSlope	1
7	int	weightedMode	1
7	float	inWeight	1
7	float	outWeight	1
4	int	m_PreInfinity	1
4	int	m_PostInfinity	1
4	int	m_RotationOrder	1
3	AnimationCurve	minCurve	32768
4	vector	m_Curve	32769
5	Array	Array	16385
6	int	size	1
6	Keyframe	data	1
7	float	time	1
7	float	value	1
7	float	inSlope	1
7	float	outSlope	1
7	int	weightedMode	1
7	float	inWeight	1
7	float	outWeight	1
4	int	m_PreInfinity	1
4	int	m_PostInfinity	1
4	int	m_RotationOrder	1
2	MinMaxCurve	curve	32768
3	UInt16	minMaxState	16384
3	float	scalar	0
3	float	minScalar	0
3	AnimationCurve	maxCurve	32768
4	vector	m_Curve	32769
5	Array	Array	16385
6	int	size	1
6	Keyframe	data	1
7	float	time	1
7	float	value	1
7	float	inSlope	1
7	float	outSlope	1
7	int	weightedMode	1
7	float	inWeight	1
7	float	outWeight	1
4	int	m_PreInfinity	1
4	int	m_PostInfinity	1
4	int	m_RotationOrder	1
3	AnimationCurve	minCurve	32768
4	vector	m_Curve	32769
5	Array	Array	16385
6	int	size	1
6	Keyframe	data	1
7	float	time	1
7	float	value	1
7	float	inSlope	1
7	float	outSlope	1
7	int	weightedMode	1
7	float	inWeight	1
7	float	outWeight	1
4	int	m_PreInfinity	1
4	int	m_PostInfinity	1
4	int	m_RotationOrder	1
2	bool	separateAxes	16384
2	Vector2f	range	2097152
3	float	x	2097152
3	float	y	2097152
1	ColorBySpeedModule	ColorBySpeedModule	32768
2	bool	enabled	16384
2	MinMaxGradient	gradient	32768
3	UInt16	minMaxState	16384
3	ColorRGBA	minColor	2097152
4	float	r	2097153
4	float	g	2097153
4	float	b	2097153
4	float	a	2097153
3	ColorRGBA	maxColor	2097152
4	float	r	2097153
4	float	g	2097153
4	float	b	2097153
4	float	a	2097153
3	Gradient	maxGradient	32768
4	ColorRGBA	key0	2097153
5	float	r	2097153
5	float	g	2097153
5	float	b	2097153
5	float	a	2097153
4	ColorRGBA	key1	2097153
5	float	r	2097153
5	float	g	2097153
5	float	b	2097153
5	float	a	2097153
4	ColorRGBA	key2	2097153
5	float	r	2097153
5	float	g	2097153
5	float	b	2097153
5	float	a	2097153
4	ColorRGBA	key3	2097153
5	float	r	2097153
5	float	g	2097153
5	float	b	2097153
5	float	a	2097153
4	ColorRGBA	key4	2097153
5	float	r	2097153
5	float	g	2097153
5	float	b	2097153
5	float	a	2097153
4	ColorRGBA	key5	2097153
5	float	r	2097153
5	float	g	2097153
5	float	b	2097153
5	float	a	2097153
4	ColorRGBA	key6	2097153
5	float	r	2097153
5	float	g	2097153
5	float	b	2097153
5	float	a	2097153
4	ColorRGBA	key7	2097153
5	float	r	2097153
5	float	g	2097153
5	float	b	2097153
5	float	a	2097153
4	UInt16	ctime0	1
4	UInt16	ctime1	1
4	UInt16	ctime2	1
4	UInt16	ctime3	1
4	UInt16	ctime4	1
4	UInt16	ctime5	1
4	UInt16	ctime6	1
4	UInt16	ctime7	1
4	UInt16	atime0	1
4	UInt16	atime1	1
4	UInt16	atime2	1
4	UInt16	atime3	1
4	UInt16	atime4	1
4	UInt16	atime5	1
4	UInt16	atime6	1
4	UInt16	atime7	1
4	UInt8	m_Mode	1
4	SInt8	m_ColorSpace	1
4	UInt8	m_NumColorKeys	1
4	UInt8	m_NumAlphaKeys	16385
3	Gradient	minGradient	32768
4	ColorRGBA	key0	2097153
5	float	r	2097153
5	float	g	2097153
5	float	b	2097153
5	float	a	2097153
4	ColorRGBA	key1	2097153
5	float	r	2097153
5	float	g	2097153
5	float	b	2097153
5	float	a	2097153
4	ColorRGBA	key2	2097153
5	float	r	2097153
5	float	g	2097153
5	float	b	2097153
5	float	a	2097153
4	ColorRGBA	key3	2097153
5	float	r	2097153
5	float	g	2097153
5	float	b	2097153
5	float	a	2097153
4	ColorRGBA	key4	2097153
5	float	r	2097153
5	float	g	2097153
5	float	b	2097153
5	float	a	2097153
4	ColorRGBA	key5	2097153
5	float	r	2097153
5	float	g	2097153
5	float	b	2097153
5	float	a	2097153
4	ColorRGBA	key6	2097153
5	float	r	2097153
5	float	g	2097153
5	float	b	2097153
5	float	a	2097153
4	ColorRGBA	key7	2097153
5	float	r	2097153
5	float	g	2097153
5	float	b	2097153
5	float	a	2097153
4	UInt16	ctime0	1
4	UInt16	ctime1	1
4	UInt16	ctime2	1
4	UInt16	ctime3	1
4	UInt16	ctime4	1
4	UInt16	ctime5	1
4	UInt16	ctime6	1
4	UInt16	ctime7	1
4	UInt16	atime0	1
4	UInt16	atime1	1
4	UInt16	atime2	1
4	UInt16	atime3	1
4	UInt16	atime4	1
4	UInt16	atime5	1
4	UInt16	atime6	1
4	UInt16	atime7	1
4	UInt8	m_Mode	1
4	SInt8	m_ColorSpace	1
4	UInt8	m_NumColorKeys	1
4	UInt8	m_NumAlphaKeys	16385
2	Vector2f	range	2097152
3	float	x	2097152
3	float	y	2097152
1	CollisionModule	CollisionModule	32768
2	bool	enabled	16384
2	int	type	0
2	int	collisionMode	0
2	float	colliderForce	0
2	bool	multiplyColliderForceByParticleSize	0
2	bool	multiplyColliderForceByParticleSpeed	0
2	bool	multiplyColliderForceByCollisionAngle	16384
2	vector	m_Planes	32768
3	Array	Array	16384
4	int	size	0
4	PPtr<Transform>	data	0
5	int	m_FileID	8388609
5	SInt64	m_PathID	8388609
2	MinMaxCurve	m_Dampen	32768
3	UInt16	minMaxState	16384
3	float	scalar	0
3	float	minScalar	0
3	AnimationCurve	maxCurve	32768
4	vector	m_Curve	32769
5	Array	Array	16385
6	int	size	1
6	Keyframe	data	1
7	float	time	1
7	float	value	1
7	float	inSlope	1
7	float	outSlope	1
7	int	weightedMode	1
7	float	inWeight	1
7	float	outWeight	1
4	int	m_PreInfinity	1
4	int	m_PostInfinity	1
4	int	m_RotationOrder	1
3	AnimationCurve	minCurve	32768
4	vector	m_Curve	32769
5	Array	Array	16385
6	int	size	1
6	Keyframe	data	1
7	float	time	1
7	float	value	1
7	float	inSlope	1
7	float	outSlope	1
7	int	weightedMode	1
7	float	inWeight	1
7	float	outWeight	1
4	int	m_PreInfinity	1
4	int	m_PostInfinity	1
4	int	m_RotationOrder	1
2	MinMaxCurve	m_Bounce	32768
3	UInt16	minMaxState	16384
3	float	scalar	0
3	float	minScalar	0
3	AnimationCurve	maxCurve	32768
4	vector	m_Curve	32769
5	Array	Array	16385
6	int	size	1
6	Keyframe	data	1
7	float	time	1
7	float	value	1
7	float	inSlope	1
7	float	outSlope	1
7	int	weightedMode	1
7	float	inWeight	1
7	float	outWeight	1
4	int	m_PreInfinity	1
4	int	m_PostInfinity	1
4	int	m_RotationOrder	1
3	AnimationCurve	minCurve	32768
4	vector	m_Curve	32769
5	Array	Array	16385
6	int	size	1
6	Keyframe	data	1
7	float	time	1
7	float	value	1
7	float	inSlope	1
7	float	outSlope	1
7	int	weightedMode	1
7	float	inWeight	1
7	float	outWeight	1
4	int	m_PreInfinity	1
4	int	m_PostInfinity	1
4	int	m_RotationOrder	1
2	MinMaxCurve	m_EnergyLossOnCollision	32768
3	UInt16	minMaxState	16384
3	float	scalar	0
3	float	minScalar	0
3	AnimationCurve	maxCurve	32768
4	vector	m_Curve	32769
5	Array	Array	16385
6	int	size	1
6	Keyframe	data	1
7	float	time	1
7	float	value	1
7	float	inSlope	1
7	float	outSlope	1
7	int	weightedMode	1
7	float	inWeight	1
7	float	outWeight	1
4	int	m_PreInfinity	1
4	int	m_PostInfinity	1
4	int	m_RotationOrder	1
3	AnimationCurve	minCurve	32768
4	vector	m_Curve	32769
5	Array	Array	16385
6	int	size	1
6	Keyframe	data	1
7	float	time	1
7	float	value	1
7	float	inSlope	1
7	float	outSlope	1
7	int	weightedMode	1
7	float	inWeight	1
7	float	outWeight	1
4	int	m_PreInfinity	1
4	int	m_PostInfinity	1
4	int	m_RotationOrder	1
2	float	minKillSpeed	0
2	float	maxKillSpeed	0
2	float	radiusScale	0
2	BitField	collidesWith	0
3	unsigned int	m_Bits	4194305
2	int	maxCollisionShapes	0
2	int	quality	0
2	float	voxelSize	0
2	bool	collisionMessages	0
2	bool	collidesWithDynamic	0
2	bool	interiorCollisions	16384
1	TriggerModule	TriggerModule	32768
2	bool	enabled	16384
2	int	inside	0
2	int	outside	0
2	int	enter	0
2	int	exit	0
2	int	colliderQueryMode	0
2	float	radiusScale	0
2	vector	primitives	32768
3	Array	Array	16384
4	int	size	0
4	PPtr<Component>	data	0
5	int	m_FileID	8388609
5	SInt64	m_PathID	8388609
1	SubModule	SubModule	32768
2	bool	enabled	16384
2	vector	subEmitters	32768
3	Array	Array	16384
4	int	size	0
4	SubEmitterData	data	0
5	PPtr<ParticleSystem>	emitter	0
6	int	m_FileID	8388609
6	SInt64	m_PathID	8388609
5	int	type	0
5	int	properties	0
5	float	emitProbability	0
1	LightsModule	LightsModule	32768
2	bool	enabled	16384
2	float	ratio	0
2	PPtr<Light>	light	0
3	int	m_FileID	8388609
3	SInt64	m_PathID	8388609
2	bool	randomDistribution	0
2	bool	color	0
2	bool	range	0
2	bool	intensity	0
2	MinMaxCurve	rangeCurve	32768
3	UInt16	minMaxState	16384
3	float	scalar	0
3	float	minScalar	0
3	AnimationCurve	maxCurve	32768
4	vector	m_Curve	32769
5	Array	Array	16385
6	int	size	1
6	Keyframe	data	1
7	float	time	1
7	float	value	1
7	float	inSlope	1
7	float	outSlope	1
7	int	weightedMode	1
7	float	inWeight	1
7	float	outWeight	1
4	int	m_PreInfinity	1
4	int	m_PostInfinity	1
4	int	m_RotationOrder	1
3	AnimationCurve	minCurve	32768
4	vector	m_Curve	32769
5	Array	Array	16385
6	int	size	1
6	Keyframe	data	1
7	float	time	1
7	float	value	1
7	float	inSlope	1
7	float	outSlope	1
7	int	weightedMode	1
7	float	inWeight	1
7	float	outWeight	1
4	int	m_PreInfinity	1
4	int	m_PostInfinity	1
4	int	m_RotationOrder	1
2	MinMaxCurve	intensityCurve	32768
3	UInt16	minMaxState	16384
3	float	scalar	0
3	float	minScalar	0
3	AnimationCurve	maxCurve	32768
4	vector	m_Curve	32769
5	Array	Array	16385
6	int	size	1
6	Keyframe	data	1
7	float	time	1
7	float	value	1
7	float	inSlope	1
7	float	outSlope	1
7	int	weightedMode	1
7	float	inWeight	1
7	float	outWeight	1
4	int	m_PreInfinity	1
4	int	m_PostInfinity	1
4	int	m_RotationOrder	1
3	AnimationCurve	minCurve	32768
4	vector	m_Curve	32769
5	Array	Array	16385
6	int	size	1
6	Keyframe	data	1
7	float	time	1
7	float	value	1
7	float	inSlope	1
7	float	outSlope	1
7	int	weightedMode	1
7	float	inWeight	1
7	float	outWeight	1
4	int	m_PreInfinity	1
4	int	m_PostInfinity	1
4	int	m_RotationOrder	1
2	int	maxLights	0
1	TrailModule	TrailModule	32768
2	bool	enabled	16384
2	int	mode	0
2	float	ratio	0
2	MinMaxCurve	lifetime	32768
3	UInt16	minMaxState	16384
3	float	scalar	0
3	float	minScalar	0
3	AnimationCurve	maxCurve	32768
4	vector	m_Curve	32769
5	Array	Array	16385
6	int	size	1
6	Keyframe	data	1
7	float	time	1
7	float	value	1
7	float	inSlope	1
7	float	outSlope	1
7	int	weightedMode	1
7	float	inWeight	1
7	float	outWeight	1
4	int	m_PreInfinity	1
4	int	m_PostInfinity	1
4	int	m_RotationOrder	1
3	AnimationCurve	minCurve	32768
4	vector	m_Curve	32769
5	Array	Array	16385
6	int	size	1
6	Keyframe	data	1
7	float	time	1
7	float	value	1
7	float	inSlope	1
7	float	outSlope	1
7	int	weightedMode	1
7	float	inWeight	1
7	float	outWeight	1
4	int	m_PreInfinity	1
4	int	m_PostInfinity	1
4	int	m_RotationOrder	1
2	float	minVertexDistance	0
2	int	textureMode	0
2	Vector2f	textureScale	2097152
3	float	x	2097152
3	float	y	2097152
2	int	ribbonCount	0
2	float	shadowBias	0
2	bool	worldSpace	0
2	bool	dieWithParticles	0
2	bool	sizeAffectsWidth	0
2	bool	sizeAffectsLifetime	0
2	bool	inheritParticleColor	0
2	bool	generateLightingData	0
2	bool	splitSubEmitterRibbons	0
2	bool	attachRibbonsToTransform	16384
2	MinMaxGradient	colorOverLifetime	32768
3	UInt16	minMaxState	16384
3	ColorRGBA	minColor	2097152
4	float	r	2097153
4	float	g	2097153
4	float	b	2097153
4	float	a	2097153
3	ColorRGBA	maxColor	2097152
4	float	r	2097153
4	float	g	2097153
4	float	b	2097153
4	float	a	2097153
3	Gradient	maxGradient	32768
4	ColorRGBA	key0	2097153
5	float	r	2097153
5	float	g	2097153
5	float	b	2097153
5	float	a	2097153
4	ColorRGBA	key1	2097153
5	float	r	2097153
5	float	g	2097153
5	float	b	2097153
5	float	a	2097153
4	ColorRGBA	key2	2097153
5	float	r	2097153
5	float	g	2097153
5	float	b	2097153
5	float	a	2097153
4	ColorRGBA	key3	2097153
5	float	r	2097153
5	float	g	2097153
5	float	b	2097153
5	float	a	2097153
4	ColorRGBA	key4	2097153
5	float	r	2097153
5	float	g	2097153
5	float	b	2097153
5	float	a	2097153
4	ColorRGBA	key5	2097153
5	float	r	2097153
5	float	g	2097153
5	float	b	2097153
5	float	a	2097153
4	ColorRGBA	key6	2097153
5	float	r	2097153
5	float	g	2097153
5	float	b	2097153
5	float	a	2097153
4	ColorRGBA	key7	2097153
5	float	r	2097153
5	float	g	2097153
5	float	b	2097153
5	float	a	2097153
4	UInt16	ctime0	1
4	UInt16	ctime1	1
4	UInt16	ctime2	1
4	UInt16	ctime3	1
4	UInt16	ctime4	1
4	UInt16	ctime5	1
4	UInt16	ctime6	1
4	UInt16	ctime7	1
4	UInt16	atime0	1
4	UInt16	atime1	1
4	UInt16	atime2	1
4	UInt16	atime3	1
4	UInt16	atime4	1
4	UInt16	atime5	1
4	UInt16	atime6	1
4	UInt16	atime7	1
4	UInt8	m_Mode	1
4	SInt8	m_ColorSpace	1
4	UInt8	m_NumColorKeys	1
4	UInt8	m_NumAlphaKeys	16385
3	Gradient	minGradient	32768
4	ColorRGBA	key0	2097153
5	float	r	2097153
5	float	g	2097153
5	float	b	2097153
5	float	a	2097153
4	ColorRGBA	key1	2097153
5	float	r	2097153
5	float	g	2097153
5	float	b	2097153
5	float	a	2097153
4	ColorRGBA	key2	2097153
5	float	r	2097153
5	float	g	2097153
5	float	b	2097153
5	float	a	2097153
4	ColorRGBA	key3	2097153
5	float	r	2097153
5	float	g	2097153
5	float	b	2097153
5	float	a	2097153
4	ColorRGBA	key4	2097153
5	float	r	2097153
5	float	g	2097153
5	float	b	2097153
5	float	a	2097153
4	ColorRGBA	key5	2097153
5	float	r	2097153
5	float	g	2097153
5	float	b	2097153
5	float	a	2097153
4	ColorRGBA	key6	2097153
5	float	r	2097153
5	float	g	2097153
5	float	b	2097153
5	float	a	2097153
4	ColorRGBA	key7	2097153
5	float	r	2097153
5	float	g	2097153
5	float	b	2097153
5	float	a	2097153
4	UInt16	ctime0	1
4	UInt16	ctime1	1
4	UInt16	ctime2	1
4	UInt16	ctime3	1
4	UInt16	ctime4	1
4	UInt16	ctime5	1
4	UInt16	ctime6	1
4	UInt16	ctime7	1
4	UInt16	atime0	1
4	UInt16	atime1	1
4	UInt16	atime2	1
4	UInt16	atime3	1
4	UInt16	atime4	1
4	UInt16	atime5	1
4	UInt16	atime6	1
4	UInt16	atime7	1
4	UInt8	m_Mode	1
4	SInt8	m_ColorSpace	1
4	UInt8	m_NumColorKeys	1
4	UInt8	m_NumAlphaKeys	16385
2	MinMaxCurve	widthOverTrail	32768
3	UInt16	minMaxState	16384
3	float	scalar	0
3	float	minScalar	0
3	AnimationCurve	maxCurve	32768
4	vector	m_Curve	32769
5	Array	Array	16385
6	int	size	1
6	Keyframe	data	1
7	float	time	1
7	float	value	1
7	float	inSlope	1
7	float	outSlope	1
7	int	weightedMode	1
7	float	inWeight	1
7	float	outWeight	1
4	int	m_PreInfinity	1
4	int	m_PostInfinity	1
4	int	m_RotationOrder	1
3	AnimationCurve	minCurve	32768
4	vector	m_Curve	32769
5	Array	Array	16385
6	int	size	1
6	Keyframe	data	1
7	float	time	1
7	float	value	1
7	float	inSlope	1
7	float	outSlope	1
7	int	weightedMode	1
7	float	inWeight	1
7	float	outWeight	1
4	int	m_PreInfinity	1
4	int	m_PostInfinity	1
4	int	m_RotationOrder	1
2	MinMaxGradient	colorOverTrail	32768
3	UInt16	minMaxState	16384
3	ColorRGBA	minColor	2097152
4	float	r	2097153
4	float	g	2097153
4	float	b	2097153
4	float	a	2097153
3	ColorRGBA	maxColor	2097152
4	float	r	2097153
4	float	g	2097153
4	float	b	2097153
4	float	a	2097153
3	Gradient	maxGradient	32768
4	ColorRGBA	key0	2097153
5	float	r	2097153
5	float	g	2097153
5	float	b	2097153
5	float	a	2097153
4	ColorRGBA	key1	2097153
5	float	r	2097153
5	float	g	2097153
5	float	b	2097153
5	float	a	2097153
4	ColorRGBA	key2	2097153
5	float	r	2097153
5	float	g	2097153
5	float	b	2097153
5	float	a	2097153
4	ColorRGBA	key3	2097153
5	float	r	2097153
5	float	g	2097153
5	float	b	2097153
5	float	a	2097153
4	ColorRGBA	key4	2097153
5	float	r	2097153
5	float	g	2097153
5	float	b	2097153
5	float	a	2097153
4	ColorRGBA	key5	2097153
5	float	r	2097153
5	float	g	2097153
5	float	b	2097153
5	float	a	2097153
4	ColorRGBA	key6	2097153
5	float	r	2097153
5	float	g	2097153
5	float	b	2097153
5	float	a	2097153
4	ColorRGBA	key7	2097153
5	float	r	2097153
5	float	g	2097153
5	float	b	2097153
5	float	a	2097153
4	UInt16	ctime0	1
4	UInt16	ctime1	1
4	UInt16	ctime2	1
4	UInt16	ctime3	1
4	UInt16	ctime4	1
4	UInt16	ctime5	1
4	UInt16	ctime6	1
4	UInt16	ctime7	1
4	UInt16	atime0	1
4	UInt16	atime1	1
4	UInt16	atime2	1
4	UInt16	atime3	1
4	UInt16	atime4	1
4	UInt16	atime5	1
4	UInt16	atime6	1
4	UInt16	atime7	1
4	UInt8	m_Mode	1
4	SInt8	m_ColorSpace	1
4	UInt8	m_NumColorKeys	1
4	UInt8	m_NumAlphaKeys	16385
3	Gradient	minGradient	32768
4	ColorRGBA	key0	2097153
5	float	r	2097153
5	float	g	2097153
5	float	b	2097153
5	float	a	2097153
4	ColorRGBA	key1	2097153
5	float	r	2097153
5	float	g	2097153
5	float	b	2097153
5	float	a	2097153
4	ColorRGBA	key2	2097153
5	float	r	2097153
5	float	g	2097153
5	float	b	2097153
5	float	a	2097153
4	ColorRGBA	key3	2097153
5	float	r	2097153
5	float	g	2097153
5	float	b	2097153
5	float	a	2097153
4	ColorRGBA	key4	2097153
5	float	r	2097153
5	float	g	2097153
5	float	b	2097153
5	float	a	2097153
4	ColorRGBA	key5	2097153
5	float	r	2097153
5	float	g	2097153
5	float	b	2097153
5	float	a	2097153
4	ColorRGBA	key6	2097153
5	float	r	2097153
5	float	g	2097153
5	float	b	2097153
5	float	a	2097153
4	ColorRGBA	key7	2097153
5	float	r	2097153
5	float	g	2097153
5	float	b	2097153
5	float	a	2097153
4	UInt16	ctime0	1
4	UInt16	ctime1	1
4	UInt16	ctime2	1
4	UInt16	ctime3	1
4	UInt16	ctime4	1
4	UInt16	ctime5	1
4	UInt16	ctime6	1
4	UInt16	ctime7	1
4	UInt16	atime0	1
4	UInt16	atime1	1
4	UInt16	atime2	1
4	UInt16	atime3	1
4	UInt16	atime4	1
4	UInt16	atime5	1
4	UInt16	atime6	1
4	UInt16	atime7	1
4	UInt8	m_Mode	1
4	SInt8	m_ColorSpace	1
4	UInt8	m_NumColorKeys	1
4	UInt8	m_NumAlphaKeys	16385
1	CustomDataModule	CustomDataModule	32768
2	bool	enabled	16384
2	int	mode0	0
2	int	vectorComponentCount0	0
2	MinMaxGradient	color0	32768
3	UInt16	minMaxState	16384
3	ColorRGBA	minColor	2097152
4	float	r	2097153
4	float	g	2097153
4	float	b	2097153
4	float	a	2097153
3	ColorRGBA	maxColor	2097152
4	float	r	2097153
4	float	g	2097153
4	float	b	2097153
4	float	a	2097153
3	Gradient	maxGradient	32768
4	ColorRGBA	key0	2097153
5	float	r	2097153
5	float	g	2097153
5	float	b	2097153
5	float	a	2097153
4	ColorRGBA	key1	2097153
5	float	r	2097153
5	float	g	2097153
5	float	b	2097153
5	float	a	2097153
4	ColorRGBA	key2	2097153
5	float	r	2097153
5	float	g	2097153
5	float	b	2097153
5	float	a	2097153
4	ColorRGBA	key3	2097153
5	float	r	2097153
5	float	g	2097153
5	float	b	2097153
5	float	a	2097153
4	ColorRGBA	key4	2097153
5	float	r	2097153
5	float	g	2097153
5	float	b	2097153
5	float	a	2097153
4	ColorRGBA	key5	2097153
5	float	r	2097153
5	float	g	2097153
5	float	b	2097153
5	float	a	2097153
4	ColorRGBA	key6	2097153
5	float	r	2097153
5	float	g	2097153
5	float	b	2097153
5	float	a	2097153
4	ColorRGBA	key7	2097153
5	float	r	2097153
5	float	g	2097153
5	float	b	2097153
5	float	a	2097153
4	UInt16	ctime0	1
4	UInt16	ctime1	1
4	UInt16	ctime2	1
4	UInt16	ctime3	1
4	UInt16	ctime4	1
4	UInt16	ctime5	1
4	UInt16	ctime6	1
4	UInt16	ctime7	1
4	UInt16	atime0	1
4	UInt16	atime1	1
4	UInt16	atime2	1
4	UInt16	atime3	1
4	UInt16	atime4	1
4	UInt16	atime5	1
4	UInt16	atime6	1
4	UInt16	atime7	1
4	UInt8	m_Mode	1
4	SInt8	m_ColorSpace	1
4	UInt8	m_NumColorKeys	1
4	UInt8	m_NumAlphaKeys	16385
3	Gradient	minGradient	32768
4	ColorRGBA	key0	2097153
5	float	r	2097153
5	float	g	2097153
5	float	b	2097153
5	float	a	2097153
4	ColorRGBA	key1	2097153
5	float	r	2097153
5	float	g	2097153
5	float	b	2097153
5	float	a	2097153
4	ColorRGBA	key2	2097153
5	float	r	2097153
5	float	g	2097153
5	float	b	2097153
5	float	a	2097153
4	ColorRGBA	key3	2097153
5	float	r	2097153
5	float	g	2097153
5	float	b	2097153
5	float	a	2097153
4	ColorRGBA	key4	2097153
5	float	r	2097153
5	float	g	2097153
5	float	b	2097153
5	float	a	2097153
4	ColorRGBA	key5	2097153
5	float	r	2097153
5	float	g	2097153
5	float	b	2097153
5	float	a	2097153
4	ColorRGBA	key6	2097153
5	float	r	2097153
5	float	g	2097153
5	float	b	2097153
5	float	a	2097153
4	ColorRGBA	key7	2097153
5	float	r	2097153
5	float	g	2097153
5	float	b	2097153
5	float	a	2097153
4	UInt16	ctime0	1
4	UInt16	ctime1	1
4	UInt16	ctime2	1
4	UInt16	ctime3	1
4	UInt16	ctime4	1
4	UInt16	ctime5	1
4	UInt16	ctime6	1
4	UInt16	ctime7	1
4	UInt16	atime0	1
4	UInt16	atime1	1
4	UInt16	atime2	1
4	UInt16	atime3	1
4	UInt16	atime4	1
4	UInt16	atime5	1
4	UInt16	atime6	1
4	UInt16	atime7	1
4	UInt8	m_Mode	1
4	SInt8	m_ColorSpace	1
4	UInt8	m_NumColorKeys	1
4	UInt8	m_NumAlphaKeys	16385
2	MinMaxCurve	vector0_0	32768
3	UInt16	minMaxState	16384
3	float	scalar	0
3	float	minScalar	0
3	AnimationCurve	maxCurve	32768
4	vector	m_Curve	32769
5	Array	Array	16385
6	int	size	1
6	Keyframe	data	1
7	float	time	1
7	float	value	1
7	float	inSlope	1
7	float	outSlope	1
7	int	weightedMode	1
7	float	inWeight	1
7	float	outWeight	1
4	int	m_PreInfinity	1
4	int	m_PostInfinity	1
4	int	m_RotationOrder	1
3	AnimationCurve	minCurve	32768
4	vector	m_Curve	32769
5	Array	Array	16385
6	int	size	1
6	Keyframe	data	1
7	float	time	1
7	float	value	1
7	float	inSlope	1
7	float	outSlope	1
7	int	weightedMode	1
7	float	inWeight	1
7	float	outWeight	1
4	int	m_PreInfinity	1
4	int	m_PostInfinity	1
4	int	m_RotationOrder	1
2	MinMaxCurve	vector0_1	32768
3	UInt16	minMaxState	16384
3	float	scalar	0
3	float	minScalar	0
3	AnimationCurve	maxCurve	32768
4	vector	m_Curve	32769
5	Array	Array	16385
6	int	size	1
6	Keyframe	data	1
7	float	time	1
7	float	value	1
7	float	inSlope	1
7	float	outSlope	1
7	int	weightedMode	1
7	float	inWeight	1
7	float	outWeight	1
4	int	m_PreInfinity	1
4	int	m_PostInfinity	1
4	int	m_RotationOrder	1
3	AnimationCurve	minCurve	32768
4	vector	m_Curve	32769
5	Array	Array	16385
6	int	size	1
6	Keyframe	data	1
7	float	time	1
7	float	value	1
7	float	inSlope	1
7	float	outSlope	1
7	int	weightedMode	1
7	float	inWeight	1
7	float	outWeight	1
4	int	m_PreInfinity	1
4	int	m_PostInfinity	1
4	int	m_RotationOrder	1
2	MinMaxCurve	vector0_2	32768
3	UInt16	minMaxState	16384
3	float	scalar	0
3	float	minScalar	0
3	AnimationCurve	maxCurve	32768
4	vector	m_Curve	32769
5	Array	Array	16385
6	int	size	1
6	Keyframe	data	1
7	float	time	1
7	float	value	1
7	float	inSlope	1
7	float	outSlope	1
7	int	weightedMode	1
7	float	inWeight	1
7	float	outWeight	1
4	int	m_PreInfinity	1
4	int	m_PostInfinity	1
4	int	m_RotationOrder	1
3	AnimationCurve	minCurve	32768
4	vector	m_Curve	32769
5	Array	Array	16385
6	int	size	1
6	Keyframe	data	1
7	float	time	1
7	float	value	1
7	float	inSlope	1
7	float	outSlope	1
7	int	weightedMode	1
7	float	inWeight	1
7	float	outWeight	1
4	int	m_PreInfinity	1
4	int	m_PostInfinity	1
4	int	m_RotationOrder	1
2	MinMaxCurve	vector0_3	32768
3	UInt16	minMaxState	16384
3	float	scalar	0
3	float	minScalar	0
3	AnimationCurve	maxCurve	32768
4	vector	m_Curve	32769
5	Array	Array	16385
6	int	size	1
6	Keyframe	data	1
7	float	time	1
7	float	value	1
7	float	inSlope	1
7	float	outSlope	1
7	int	weightedMode	1
7	float	inWeight	1
7	float	outWeight	1
4	int	m_PreInfinity	1
4	int	m_PostInfinity	1
4	int	m_RotationOrder	1
3	AnimationCurve	minCurve	32768
4	vector	m_Curve	32769
5	Array	Array	16385
6	int	size	1
6	Keyframe	data	1
7	float	time	1
7	float	value	1
7	float	inSlope	1
7	float	outSlope	1
7	int	weightedMode	1
7	float	inWeight	1
7	float	outWeight	1
4	int	m_PreInfinity	1
4	int	m_PostInfinity	1
4	int	m_RotationOrder	1
2	int	mode1	0
2	int	vectorComponentCount1	0
2	MinMaxGradient	color1	32768
3	UInt16	minMaxState	16384
3	ColorRGBA	minColor	2097152
4	float	r	2097153
4	float	g	2097153
4	float	b	2097153
4	float	a	2097153
3	ColorRGBA	maxColor	2097152
4	float	r	2097153
4	float	g	2097153
4	float	b	2097153
4	float	a	2097153
3	Gradient	maxGradient	32768
4	ColorRGBA	key0	2097153
5	float	r	2097153
5	float	g	2097153
5	float	b	2097153
5	float	a	2097153
4	ColorRGBA	key1	2097153
5	float	r	2097153
5	float	g	2097153
5	float	b	2097153
5	float	a	2097153
4	ColorRGBA	key2	2097153
5	float	r	2097153
5	float	g	2097153
5	float	b	2097153
5	float	a	2097153
4	ColorRGBA	key3	2097153
5	float	r	2097153
5	float	g	2097153
5	float	b	2097153
5	float	a	2097153
4	ColorRGBA	key4	2097153
5	float	r	2097153
5	float	g	2097153
5	float	b	2097153
5	float	a	2097153
4	ColorRGBA	key5	2097153
5	float	r	2097153
5	float	g	2097153
5	float	b	2097153
5	float	a	2097153
4	ColorRGBA	key6	2097153
5	float	r	2097153
5	float	g	2097153
5	float	b	2097153
5	float	a	2097153
4	ColorRGBA	key7	2097153
5	float	r	2097153
5	float	g	2097153
5	float	b	2097153
5	float	a	2097153
4	UInt16	ctime0	1
4	UInt16	ctime1	1
4	UInt16	ctime2	1
4	UInt16	ctime3	1
4	UInt16	ctime4	1
4	UInt16	ctime5	1
4	UInt16	ctime6	1
4	UInt16	ctime7	1
4	UInt16	atime0	1
4	UInt16	atime1	1
4	UInt16	atime2	1
4	UInt16	atime3	1
4	UInt16	atime4	1
4	UInt16	atime5	1
4	UInt16	atime6	1
4	UInt16	atime7	1
4	UInt8	m_Mode	1
4	SInt8	m_ColorSpace	1
4	UInt8	m_NumColorKeys	1
4	UInt8	m_NumAlphaKeys	16385
3	Gradient	minGradient	32768
4	ColorRGBA	key0	2097153
5	float	r	2097153
5	float	g	2097153
5	float	b	2097153
5	float	a	2097153
4	ColorRGBA	key1	2097153
5	float	r	2097153
5	float	g	2097153
5	float	b	2097153
5	float	a	2097153
4	ColorRGBA	key2	2097153
5	float	r	2097153
5	float	g	2097153
5	float	b	2097153
5	float	a	2097153
4	ColorRGBA	key3	2097153
5	float	r	2097153
5	float	g	2097153
5	float	b	2097153
5	float	a	2097153
4	ColorRGBA	key4	2097153
5	float	r	2097153
5	float	g	2097153
5	float	b	2097153
5	float	a	2097153
4	ColorRGBA	key5	2097153
5	float	r	2097153
5	float	g	2097153
5	float	b	2097153
5	float	a	2097153
4	ColorRGBA	key6	2097153
5	float	r	2097153
5	float	g	2097153
5	float	b	2097153
5	float	a	2097153
4	ColorRGBA	key7	2097153
5	float	r	2097153
5	float	g	2097153
5	float	b	2097153
5	float	a	2097153
4	UInt16	ctime0	1
4	UInt16	ctime1	1
4	UInt16	ctime2	1
4	UInt16	ctime3	1
4	UInt16	ctime4	1
4	UInt16	ctime5	1
4	UInt16	ctime6	1
4	UInt16	ctime7	1
4	UInt16	atime0	1
4	UInt16	atime1	1
4	UInt16	atime2	1
4	UInt16	atime3	1
4	UInt16	atime4	1
4	UInt16	atime5	1
4	UInt16	atime6	1
4	UInt16	atime7	1
4	UInt8	m_Mode	1
4	SInt8	m_ColorSpace	1
4	UInt8	m_NumColorKeys	1
4	UInt8	m_NumAlphaKeys	16385
2	MinMaxCurve	vector1_0	32768
3	UInt16	minMaxState	16384
3	float	scalar	0
3	float	minScalar	0
3	AnimationCurve	maxCurve	32768
4	vector	m_Curve	32769
5	Array	Array	16385
6	int	size	1
6	Keyframe	data	1
7	float	time	1
7	float	value	1
7	float	inSlope	1
7	float	outSlope	1
7	int	weightedMode	1
7	float	inWeight	1
7	float	outWeight	1
4	int	m_PreInfinity	1
4	int	m_PostInfinity	1
4	int	m_RotationOrder	1
3	AnimationCurve	minCurve	32768
4	vector	m_Curve	32769
5	Array	Array	16385
6	int	size	1
6	Keyframe	data	1
7	float	time	1
7	float	value	1
7	float	inSlope	1
7	float	outSlope	1
7	int	weightedMode	1
7	float	inWeight	1
7	float	outWeight	1
4	int	m_PreInfinity	1
4	int	m_PostInfinity	1
4	int	m_RotationOrder	1
2	MinMaxCurve	vector1_1	32768
3	UInt16	minMaxState	16384
3	float	scalar	0
3	float	minScalar	0
3	AnimationCurve	maxCurve	32768
4	vector	m_Curve	32769
5	Array	Array	16385
6	int	size	1
6	Keyframe	data	1
7	float	time	1
7	float	value	1
7	float	inSlope	1
7	float	outSlope	1
7	int	weightedMode	1
7	float	inWeight	1
7	float	outWeight	1
4	int	m_PreInfinity	1
4	int	m_PostInfinity	1
4	int	m_RotationOrder	1
3	AnimationCurve	minCurve	32768
4	vector	m_Curve	32769
5	Array	Array	16385
6	int	size	1
6	Keyframe	data	1
7	float	time	1
7	float	value	1
7	float	inSlope	1
7	float	outSlope	1
7	int	weightedMode	1
7	float	inWeight	1
7	float	outWeight	1
4	int	m_PreInfinity	1
4	int	m_PostInfinity	1
4	int	m_RotationOrder	1
2	MinMaxCurve	vector1_2	32768
3	UInt16	minMaxState	16384
3	float	scalar	0
3	float	minScalar	0
3	AnimationCurve	maxCurve	32768
4	vector	m_Curve	32769
5	Array	Array	16385
6	int	size	1
6	Keyframe	data	1
7	float	time	1
7	float	value	1
7	float	inSlope	1
7	float	outSlope	1
7	int	weightedMode	1
7	float	inWeight	1
7	float	outWeight	1
4	int	m_PreInfinity	1
4	int	m_PostInfinity	1
4	int	m_RotationOrder	1
3	AnimationCurve	minCurve	32768
4	vector	m_Curve	32769
5	Array	Array	16385
6	int	size	1
6	Keyframe	data	1
7	float	time	1
7	float	value	1
7	float	inSlope	1
7	float	outSlope	1
7	int	weightedMode	1
7	float	inWeight	1
7	float	outWeight	1
4	int	m_PreInfinity	1
4	int	m_PostInfinity	1
4	int	m_RotationOrder	1
2	MinMaxCurve	vector1_3	32768
3	UInt16	minMaxState	16384
3	float	scalar	0
3	float	minScalar	0
3	AnimationCurve	maxCurve	32768
4	vector	m_Curve	32769
5	Array	Array	16385
6	int	size	1
6	Keyframe	data	1
7	float	time	1
7	float	value	1
7	float	inSlope	1
7	float	outSlope	1
7	int	weightedMode	1
7	float	inWeight	1
7	float	outWeight	1
4	int	m_PreInfinity	1
4	int	m_PostInfinity	1
4	int	m_RotationOrder	1
3	AnimationCurve	minCurve	32768
4	vector	m_Curve	32769
5	Array	Array	16385
6	int	size	1
6	Keyframe	data	1
7	float	time	1
7	float	value	1
7	float	inSlope	1
7	float	outSlope	1
7	int	weightedMode	1
7	float	inWeight	1
7	float	outWeight	1
4	int	m_PreInfinity	1
4	int	m_PostInfinity	1
4	int	m_RotationOrder	1
class	6000.0.61f1	199	ParticleSystemRenderer
0	ParticleSystemRenderer	Base	32768
1	PPtr<GameObject>	m_GameObject	65
2	int	m_FileID	65
2	SInt64	m_PathID	65
1	bool	m_Enabled	1
1	UInt8	m_CastShadows	0
1	UInt8	m_ReceiveShadows	256
1	UInt8	m_DynamicOccludee	256
1	UInt8	m_StaticShadowCaster	8388864
1	UInt8	m_MotionVectors	0
1	UInt8	m_LightProbeUsage	0
1	UInt8	m_ReflectionProbeUsage	0
1	UInt8	m_RayTracingMode	0
1	UInt8	m_RayTraceProcedural	256
1	UInt8	m_RayTracingAccelStructBuildFlagsOverride	8388864
1	UInt8	m_RayTracingAccelStructBuildFlags	8388608
1	UInt8	m_SmallMeshCulling	16640
1	unsigned int	m_RenderingLayerMask	0
1	int	m_RendererPriority	0
1	UInt16	m_LightmapIndex	8388609
1	UInt16	m_LightmapIndexDynamic	8388609
1	Vector4f	m_LightmapTilingOffset	10485761
2	float	x	10485761
2	float	y	10485761
2	float	z	10485761
2	float	w	10485761
1	Vector4f	m_LightmapTilingOffsetDynamic	10485761
2	float	x	10485761
2	float	y	10485761
2	float	z	10485761
2	float	w	10485761
1	vector	m_Materials	32800
2	Array	Array	16416
3	int	size	32
3	PPtr<Material>	data	32
4	int	m_FileID	8388641
4	SInt64	m_PathID	8388641
1	StaticBatchInfo	m_StaticBatchInfo	1
2	UInt16	firstSubMesh	1
2	UInt16	subMeshCount	1
1	PPtr<Transform>	m_StaticBatchRoot	1
2	int	m_FileID	8388609
2	SInt64	m_PathID	8388609
1	PPtr<Transform>	m_ProbeAnchor	0
2	int	m_FileID	8388609
2	SInt64	m_PathID	8388609
1	PPtr<GameObject>	m_LightProbeVolumeOverride	16384
2	int	m_FileID	8388609
2	SInt64	m_PathID	8388609
1	int	m_SortingLayerID	8388609
1	SInt16	m_SortingLayer	1
1	SInt16	m_SortingOrder	16385
1	UInt16	m_RenderMode	0
1	UInt8	m_MeshDistribution	0
1	UInt8	m_SortMode	0
1	float	m_MinParticleSize	0
1	float	m_MaxParticleSize	0
1	float	m_CameraVelocityScale	0
1	float	m_VelocityScale	0
1	float	m_LengthScale	0
1	float	m_SortingFudge	0
1	float	m_NormalDirection	0
1	float	m_ShadowBias	0
1	int	m_RenderAlignment	8388608
1	Vector3f	m_Pivot	2097152
2	float	x	2097152
2	float	y	2097152
2	float	z	2097152
1	Vector3f	m_Flip	2097152
2	float	x	2097152
2	float	y	2097152
2	float	z	2097152
1	bool	m_EnableGPUInstancing	8388608
1	bool	m_ApplyActiveColorSpace	8388608
1	bool	m_AllowRoll	8388608
1	bool	m_FreeformStretching	8388608
1	bool	m_RotateWithStretchDirection	8404992
1	bool	m_UseCustomVertexStreams	8404992
1	vector	m_VertexStreams	32768
2	Array	Array	16384
3	int	size	0
3	UInt8	data	0
1	bool	m_UseCustomTrailVertexStreams	8404992
1	vector	m_TrailVertexStreams	49152
2	Array	Array	16384
3	int	size	0
3	UInt8	data	0
1	PPtr<Mesh>	m_Mesh	0
2	int	m_FileID	8388609
2	SInt64	m_PathID	8388609
1	PPtr<Mesh>	m_Mesh1	0
2	int	m_FileID	8388609
2	SInt64	m_PathID	8388609
1	PPtr<Mesh>	m_Mesh2	0
2	int	m_FileID	8388609
2	SInt64	m_PathID	8388609
1	PPtr<Mesh>	m_Mesh3	0
2	int	m_FileID	8388609
2	SInt64	m_PathID	8388609
1	float	m_MeshWeighting	0
1	float	m_MeshWeighting1	0
1	float	m_MeshWeighting2	0
1	float	m_MeshWeighting3	0
1	int	m_MaskInteraction	8388608
class	6000.0.61f1	210	SortingGroup
0	SortingGroup	Base	32768
1	PPtr<GameObject>	m_GameObject	65
2	int	m_FileID	65
2	SInt64	m_PathID	65
1	UInt8	m_Enabled	16641
1	int	m_SortingLayerID	8388609
1	SInt16	m_SortingLayer	1
1	SInt16	m_SortingOrder	1
1	bool	m_SortAtRoot	16385
class	6000.0.61f1	212	SpriteRenderer
0	SpriteRenderer	Base	32768
1	PPtr<GameObject>	m_GameObject	65
2	int	m_FileID	65
2	SInt64	m_PathID	65
1	bool	m_Enabled	1
1	UInt8	m_CastShadows	0
1	UInt8	m_ReceiveShadows	256
1	UInt8	m_DynamicOccludee	256
1	UInt8	m_StaticShadowCaster	8388864
1	UInt8	m_MotionVectors	0
1	UInt8	m_LightProbeUsage	0
1	UInt8	m_ReflectionProbeUsage	0
1	UInt8	m_RayTracingMode	0
1	UInt8	m_RayTraceProcedural	256
1	UInt8	m_RayTracingAccelStructBuildFlagsOverride	8388864
1	UInt8	m_RayTracingAccelStructBuildFlags	8388608
1	UInt8	m_SmallMeshCulling	16640
1	unsigned int	m_RenderingLayerMask	0
1	int	m_RendererPriority	0
1	UInt16	m_LightmapIndex	8388609
1	UInt16	m_LightmapIndexDynamic	8388609
1	Vector4f	m_LightmapTilingOffset	10485761
2	float	x	10485761
2	float	y	10485761
2	float	z	10485761
2	float	w	10485761
1	Vector4f	m_LightmapTilingOffsetDynamic	10485761
2	float	x	10485761
2	float	y	10485761
2	float	z	10485761
2	float	w	10485761
1	vector	m_Materials	32800
2	Array	Array	16416
3	int	size	32
3	PPtr<Material>	data	32
4	int	m_FileID	8388641
4	SInt64	m_PathID	8388641
1	StaticBatchInfo	m_StaticBatchInfo	1
2	UInt16	firstSubMesh	1
2	UInt16	subMeshCount	1
1	PPtr<Transform>	m_StaticBatchRoot	1
2	int	m_FileID	8388609
2	SInt64	m_PathID	8388609
1	PPtr<Transform>	m_ProbeAnchor	0
2	int	m_FileID	8388609
2	SInt64	m_PathID	8388609
1	PPtr<GameObject>	m_LightProbeVolumeOverride	16384
2	int	m_FileID	8388609
2	SInt64	m_PathID	8388609
1	int	m_SortingLayerID	8388609
1	SInt16	m_SortingLayer	1
1	SInt16	m_SortingOrder	16385
1	PPtr<Sprite>	m_Sprite	0
2	int	m_FileID	8388609
2	SInt64	m_PathID	8388609
1	ColorRGBA	m_Color	2113536
2	float	r	2097153
2	float	g	2097153
2	float	b	2097153
2	float	a	2097153
1	bool	m_FlipX	0
1	bool	m_FlipY	16384
1	int	m_DrawMode	0
1	Vector2f	m_Size	2097152
2	float	x	2097152
2	float	y	2097152
1	float	m_AdaptiveModeThreshold	0
1	int	m_SpriteTileMode	0
1	bool	m_WasSpriteAssigned	8404993
1	int	m_MaskInteraction	0
1	int	m_SpriteSortPoint	8388608
class	6000.0.61f1	213	Sprite
0	Sprite	Base	32768
1	string	m_Name	557057
2	Array	Array	540673
3	int	size	524289
3	char	data	524289
1	Rectf	m_Rect	0
2	float	x	0
2	float	y	0
2	float	width	0
2	float	height	0
1	Vector2f	m_Offset	2097152
2	float	x	2097152
2	float	y	2097152
1	Vector4f	m_Border	2097152
2	float	x	2097152
2	float	y	2097152
2	float	z	2097152
2	float	w	2097152
1	float	m_PixelsToUnits	0
1	Vector2f	m_Pivot	2097152
2	float	x	2097152
2	float	y	2097152
1	unsigned int	m_Extrude	0
1	bool	m_IsPolygon	16384
1	pair	m_RenderDataKey	0
2	GUID	first	0
3	unsigned int	data[0]	0
3	unsigned int	data[1]	0
3	unsigned int	data[2]	0
3	unsigned int	data[3]	0
2	SInt64	second	0
1	vector	m_AtlasTags	32768
2	Array	Array	49152
3	int	size	0
3	string	data	32768
4	Array	Array	16385
5	int	size	1
5	char	data	1
1	PPtr<SpriteAtlas>	m_SpriteAtlas	16384
2	int	m_FileID	8388609
2	SInt64	m_PathID	8388609
1	SpriteRenderData	m_RD	49152
2	PPtr<Texture2D>	texture	0
3	int	m_FileID	8388609
3	SInt64	m_PathID	8388609
2	PPtr<Texture2D>	alphaTexture	0
3	int	m_FileID	8388609
3	SInt64	m_PathID	8388609
2	vector	secondaryTextures	32768
3	Array	Array	49152
4	int	size	0
4	SecondarySpriteTexture	data	32768
5	PPtr<Texture2D>	texture	0
6	int	m_FileID	8388609
6	SInt64	m_PathID	8388609
5	string	name	49152
6	Array	Array	16385
7	int	size	1
7	char	data	1
2	vector	m_SubMeshes	32769
3	Array	Array	16385
4	int	size	1
4	SubMesh	data	1
5	unsigned int	firstByte	1
5	unsigned int	indexCount	1
5	int	topology	1
5	unsigned int	baseVertex	1
5	unsigned int	firstVertex	1
5	unsigned int	vertexCount	1
5	AABB	localAABB	1
6	Vector3f	m_Center	2097153
7	float	x	2097153
7	float	y	2097153
7	float	z	2097153
6	Vector3f	m_Extent	2097153
7	float	x	2097153
7	float	y	2097153
7	float	z	2097153
2	vector	m_IndexBuffer	32769
3	Array	Array	16385
4	int	size	1
4	UInt8	data	1
2	VertexData	m_VertexData	32769
3	unsigned int	m_VertexCount	1
3	vector	m_Channels	32769
4	Array	Array	16385
5	int	size	1
5	ChannelInfo	data	1
6	UInt8	stream	1
6	UInt8	offset	1
6	UInt8	format	1
6	UInt8	dimension	1
3	TypelessData	m_DataSize	16385
4	int	size	1
4	UInt8	data	1
2	vector	m_Bindpose	49153
3	Array	Array	16385
4	int	size	1
4	Matrix4x4f	data	1
5	float	e00	1
5	float	e01	1
5	float	e02	1
5	float	e03	1
5	float	e10	1
5	float	e11	1
5	float	e12	1
5	float	e13	1
5	float	e20	1
5	float	e21	1
5	float	e22	1
5	float	e23	1
5	float	e30	1
5	float	e31	1
5	float	e32	1
5	float	e33	1
2	Rectf	textureRect	0
3	float	x	0
3	float	y	0
3	float	width	0
3	float	height	0
2	Vector2f	textureRectOffset	2097152
3	float	x	2097152
3	float	y	2097152
2	Vector2f	atlasRectOffset	2097152
3	float	x	2097152
3	float	y	2097152
2	unsigned int	settingsRaw	0
2	Vector4f	uvTransform	2097152
3	float	x	2097152
3	float	y	2097152
3	float	z	2097152
3	float	w	2097152
2	float	downscaleMultiplier	0
1	vector	m_PhysicsShape	32768
2	Array	Array	49152
3	int	size	0
3	vector	data	32768
4	Array	Array	16384
5	int	size	0
5	Vector2f	data	2097152
6	float	x	2097152
6	float	y	2097152
1	vector	m_Bones	32768
2	Array	Array	49152
3	int	size	0
3	SpriteBone	data	32768
4	string	name	49152
5	Array	Array	16385
6	int	size	1
6	char	data	1
4	string	guid	49152
5	Array	Array	16385
6	int	size	1
6	char	data	1
4	Vector3f	position	2097152
5	float	x	2097152
5	float	y	2097152
5	float	z	2097152
4	Quaternionf	rotation	2097152
5	float	x	2097152
5	float	y	2097152
5	float	z	2097152
5	float	w	2097152
4	float	length	0
4	int	parentId	0
4	ColorRGBA	color	0
5	unsigned int	rgba	1
1	vector	m_ScriptableObjects	32768
2	Array	Array	16384
3	int	size	0
3	PPtr<MonoBehaviour>	data	0
4	int	m_FileID	8388609
4	SInt64	m_PathID	8388609
class	6000.0.61f1	221	AnimatorOverrideController
0	AnimatorOverrideController	Base	32768
1	string	m_Name	557057
2	Array	Array	540673
3	int	size	524289
3	char	data	524289
1	PPtr<RuntimeAnimatorController>	m_Controller	0
2	int	m_FileID	8388609
2	SInt64	m_PathID	8388609
1	vector	m_Clips	32768
2	Array	Array	16384
3	int	size	0
3	AnimationClipOverride	data	0
4	PPtr<AnimationClip>	m_OriginalClip	0
5	int	m_FileID	8388609
5	SInt64	m_PathID	8388609
4	PPtr<AnimationClip>	m_OverrideClip	0
5	int	m_FileID	8388609
5	SInt64	m_PathID	8388609
class	6000.0.61f1	222	CanvasRenderer
0	CanvasRenderer	Base	0
1	PPtr<GameObject>	m_GameObject	65
2	int	m_FileID	65
2	SInt64	m_PathID	65
1	bool	m_CullTransparentMesh	8388608
class	6000.0.61f1	223	Canvas
0	Canvas	Base	32768
1	PPtr<GameObject>	m_GameObject	65
2	int	m_FileID	65
2	SInt64	m_PathID	65
1	UInt8	m_Enabled	16641
1	int	m_RenderMode	0
1	PPtr<Camera>	m_Camera	0
2	int	m_FileID	8388609
2	SInt64	m_PathID	8388609
1	float	m_PlaneDistance	0
1	bool	m_PixelPerfect	0
1	bool	m_ReceivesEvents	0
1	bool	m_OverrideSorting	0
1	bool	m_OverridePixelPerfect	0
1	float	m_SortingBucketNormalizedSize	0
1	bool	m_VertexColorAlwaysGammaSpace	16384
1	int	m_AdditionalShaderChannelsFlag	0
1	int	m_UpdateRectTransformForStandalone	16384
1	int	m_SortingLayerID	8388609
1	SInt16	m_SortingOrder	1
1	SInt8	m_TargetDisplay	1
class	6000.0.61f1	224	RectTransform
0	RectTransform	Base	32768
1	PPtr<GameObject>	m_GameObject	65
2	int	m_FileID	65
2	SInt64	m_PathID	65
1	Quaternionf	m_LocalRotation	2097152
2	float	x	2097152
2	float	y	2097152
2	float	z	2097152
2	float	w	2097152
1	Vector3f	m_LocalPosition	2097152
2	float	x	2097152
2	float	y	2097152
2	float	z	2097152
1	Vector3f	m_LocalScale	2113536
2	float	x	2097152
2	float	y	2097152
2	float	z	2097152
1	vector	m_Children	32833
2	Array	Array	16449
3	int	size	65
3	PPtr<Transform>	data	65
4	int	m_FileID	65
4	SInt64	m_PathID	65
1	PPtr<Transform>	m_Father	1
2	int	m_FileID	1
2	SInt64	m_PathID	1
1	Vector2f	m_AnchorMin	2097152
2	float	x	2097152
2	float	y	2097152
1	Vector2f	m_AnchorMax	2097152
2	float	x	2097152
2	float	y	2097152
1	Vector2f	m_AnchoredPosition	2097152
2	float	x	2097152
2	float	y	2097152
1	Vector2f	m_SizeDelta	2097152
2	float	x	2097152
2	float	y	2097152
1	Vector2f	m_Pivot	2097152
2	float	x	2097152
2	float	y	2097152
class	6000.0.61f1	225	CanvasGroup
0	CanvasGroup	Base	32768
1	PPtr<GameObject>	m_GameObject	65
2	int	m_FileID	65
2	SInt64	m_PathID	65
1	UInt8	m_Enabled	16641
1	float	m_Alpha	0
1	bool	m_Interactable	0
1	bool	m_BlocksRaycasts	0
1	bool	m_IgnoreParentGroups	16384
class	6000.0.61f1	241	AudioMixerController
0	AudioMixerController	Base	32768
1	string	m_Name	557057
2	Array	Array	540673
3	int	size	524289
3	char	data	524289
1	PPtr<AudioMixerGroup>	m_OutputGroup	0
2	int	m_FileID	8388609
2	SInt64	m_PathID	8388609
1	PPtr<AudioMixerGroup>	m_MasterGroup	0
2	int	m_FileID	8388609
2	SInt64	m_PathID	8388609
1	vector	m_Snapshots	32768
2	Array	Array	16384
3	int	size	0
3	PPtr<AudioMixerSnapshot>	data	0
4	int	m_FileID	8388609
4	SInt64	m_PathID	8388609
1	PPtr<AudioMixerSnapshot>	m_StartSnapshot	0
2	int	m_FileID	8388609
2	SInt64	m_PathID	8388609
1	float	m_SuspendThreshold	0
1	bool	m_EnableSuspend	16384
1	int	m_UpdateMode	16384
1	AudioMixerConstant	m_MixerConstant	49152
2	vector	groups	32768
3	Array	Array	32768
4	int	size	0
4	GroupConstant	data	32768
5	int	parentConstantIndex	0
5	unsigned int	volumeIndex	0
5	unsigned int	pitchIndex	0
5	bool	mute	0
5	bool	solo	0
5	bool	bypassEffects	16384
2	vector	groupGUIDs	0
3	Array	Array	0
4	int	size	0
4	GUID	data	0
5	unsigned int	data[0]	0
5	unsigned int	data[1]	0
5	unsigned int	data[2]	0
5	unsigned int	data[3]	0
2	vector	effects	32768
3	Array	Array	32768
4	int	size	0
4	EffectConstant	data	32768
5	int	type	0
5	unsigned int	groupConstantIndex	0
5	unsigned int	sendTargetEffectIndex	0
5	unsigned int	wetMixLevelIndex	0
5	unsigned int	prevEffectIndex	0
5	bool	bypass	16384
5	vector	parameterIndices	0
6	Array	Array	0
7	int	size	0
7	unsigned int	data	0
2	vector	effectGUIDs	0
3	Array	Array	0
4	int	size	0
4	GUID	data	0
5	unsigned int	data[0]	0
5	unsigned int	data[1]	0
5	unsigned int	data[2]	0
5	unsigned int	data[3]	0
2	unsigned int	numSideChainBuffers	0
2	vector	snapshots	0
3	Array	Array	0
4	int	size	0
4	SnapshotConstant	data	0
5	unsigned int	nameHash	0
5	vector	values	0
6	Array	Array	0
7	int	size	0
7	float	data	0
5	vector	transitionTypes	0
6	Array	Array	0
7	int	size	0
7	unsigned int	data	0
5	vector	transitionIndices	0
6	Array	Array	0
7	int	size	0
7	unsigned int	data	0
2	vector	snapshotGUIDs	0
3	Array	Array	0
4	int	size	0
4	GUID	data	0
5	unsigned int	data[0]	0
5	unsigned int	data[1]	0
5	unsigned int	data[2]	0
5	unsigned int	data[3]	0
2	vector	groupNameBuffer	16384
3	Array	Array	0
4	int	size	0
4	char	data	0
2	vector	snapshotNameBuffer	16384
3	Array	Array	0
4	int	size	0
4	char	data	0
2	vector	pluginEffectNameBuffer	16384
3	Array	Array	0
4	int	size	0
4	char	data	0
2	vector	exposedParameterNames	0
3	Array	Array	0
4	int	size	0
4	unsigned int	data	0
2	vector	exposedParameterIndices	0
3	Array	Array	0
4	int	size	0
4	unsigned int	data	0
class	6000.0.61f1	243	AudioMixerGroupController
0	AudioMixerGroupController	Base	32768
1	string	m_Name	557057
2	Array	Array	540673
3	int	size	524289
3	char	data	524289
1	PPtr<AudioMixer>	m_AudioMixer	0
2	int	m_FileID	8388609
2	SInt64	m_PathID	8388609
1	GUID	m_GroupID	0
2	unsigned int	data[0]	0
2	unsigned int	data[1]	0
2	unsigned int	data[2]	0
2	unsigned int	data[3]	0
1	vector	m_Children	49152
2	Array	Array	16384
3	int	size	0
3	PPtr<AudioMixerGroup>	data	0
4	int	m_FileID	8388609
4	SInt64	m_PathID	8388609
class	6000.0.61f1	245	AudioMixerSnapshotController
0	AudioMixerSnapshotController	Base	32768
1	string	m_Name	557057
2	Array	Array	540673
3	int	size	524289
3	char	data	524289
1	PPtr<AudioMixer>	m_AudioMixer	0
2	int	m_FileID	8388609
2	SInt64	m_PathID	8388609
1	GUID	m_SnapshotID	0
2	unsigned int	data[0]	0
2	unsigned int	data[1]	0
2	unsigned int	data[2]	0
2	unsigned int	data[3]	0
class	6000.0.61f1	300	RuntimeInitializeOnLoadManager
0	RuntimeInitializeOnLoadManager	Base	0
class	6000.0.61f1	329	VideoClip
0	VideoClip	Base	32768
1	string	m_Name	557057
2	Array	Array	540673
3	int	size	524289
3	char	data	524289
1	string	m_OriginalPath	49153
2	Array	Array	16385
3	int	size	1
3	char	data	1
1	unsigned int	m_ProxyWidth	1
1	unsigned int	m_ProxyHeight	1
1	unsigned int	Width	1
1	unsigned int	Height	1
1	unsigned int	m_PixelAspecRatioNum	1
1	unsigned int	m_PixelAspecRatioDen	1
1	double	m_FrameRate	1
1	UInt64	m_FrameCount	1
1	int	m_Format	1
1	vector	m_AudioChannelCount	49153
2	Array	Array	16385
3	int	size	1
3	UInt16	data	1
1	vector	m_AudioSampleRate	49153
2	Array	Array	16385
3	int	size	1
3	unsigned int	data	1
1	vector	m_AudioLanguage	49153
2	Array	Array	49153
3	int	size	1
3	string	data	32769
4	Array	Array	16385
5	int	size	1
5	char	data	1
1	vector	m_VideoShaders	49152
2	Array	Array	16384
3	int	size	0
3	PPtr<Shader>	data	0
4	int	m_FileID	8388609
4	SInt64	m_PathID	8388609
1	StreamedResource	m_ExternalResources	32768
2	string	m_Source	32769
3	Array	Array	16385
4	int	size	1
4	char	data	1
2	FileSize	m_Offset	1
2	UInt64	m_Size	1
1	bool	m_HasSplitAlpha	0
1	bool	m_sRGB	1
class	6000.0.61f1	655991488	MultiplayerManager
0	MultiplayerManager	Base	0
1	int	m_ActiveMultiplayerRoles	0
class	6000.0.61f1	687078895	SpriteAtlas
0	SpriteAtlas	Base	32768
1	string	m_Name	557057
2	Array	Array	540673
3	int	size	524289
3	char	data	524289
1	vector	m_PackedSprites	32768
2	Array	Array	16384
3	int	size	0
3	PPtr<Sprite>	data	0
4	int	m_FileID	8388609
4	SInt64	m_PathID	8388609
1	vector	m_PackedSpriteNamesToIndex	49152
2	Array	Array	49152
3	int	size	0
3	string	data	32768
4	Array	Array	16385
5	int	size	1
5	char	data	1
1	map	m_RenderDataMap	32768
2	Array	Array	32768
3	int	size	0
3	pair	data	32768
4	pair	first	0
5	GUID	first	0
6	unsigned int	data[0]	0
6	unsigned int	data[1]	0
6	unsigned int	data[2]	0
6	unsigned int	data[3]	0
5	SInt64	second	0
4	SpriteAtlasData	second	32768
5	PPtr<Texture2D>	texture	0
6	int	m_FileID	8388609
6	SInt64	m_PathID	8388609
5	PPtr<Texture2D>	alphaTexture	0
6	int	m_FileID	8388609
6	SInt64	m_PathID	8388609
5	Rectf	textureRect	0
6	float	x	0
6	float	y	0
6	float	width	0
6	float	height	0
5	Vector2f	textureRectOffset	2097152
6	float	x	2097152
6	float	y	2097152
5	Vector2f	atlasRectOffset	2097152
6	float	x	2097152
6	float	y	2097152
5	Vector4f	uvTransform	2097152
6	float	x	2097152
6	float	y	2097152
6	float	z	2097152
6	float	w	2097152
5	float	downscaleMultiplier	0
5	unsigned int	settingsRaw	0
5	vector	secondaryTextures	32768
6	Array	Array	49152
7	int	size	0
7	SecondarySpriteTexture	data	32768
8	PPtr<Texture2D>	texture	0
9	int	m_FileID	8388609
9	SInt64	m_PathID	8388609
8	string	name	49152
9	Array	Array	16385
10	int	size	1
10	char	data	1
1	string	m_Tag	32768
2	Array	Array	16385
3	int	size	1
3	char	data	1
1	bool	m_IsVariant	16384
class	6000.0.61f1	850595691	LightingSettings
0	LightingSettings	Base	32768
1	string	m_Name	557057
2	Array	Array	540673
3	int	size	524289
3	char	data	524289
1	bool	m_EnableBakedLightmaps	0
1	bool	m_EnableRealtimeLightmaps	0
1	bool	m_RealtimeEnvironmentLighting	16384
1	float	m_BounceScale	0
1	float	m_AlbedoBoost	0
1	float	m_IndirectOutputScale	0
1	bool	m_UsingShadowmask	16384
class	6000.0.61f1	937362698	VFXManager
0	VFXManager	Base	32768
1	PPtr<ComputeShader>	m_IndirectShader	0
2	int	m_FileID	8388609
2	SInt64	m_PathID	8388609
1	PPtr<ComputeShader>	m_CopyBufferShader	0
2	int	m_FileID	8388609
2	SInt64	m_PathID	8388609
1	PPtr<ComputeShader>	m_SortShader	0
2	int	m_FileID	8388609
2	SInt64	m_PathID	8388609
1	PPtr<ComputeShader>	m_StripUpdateShader	0
2	int	m_FileID	8388609
2	SInt64	m_PathID	8388609
1	PPtr<Shader>	m_EmptyShader	0
2	int	m_FileID	8388609
2	SInt64	m_PathID	8388609
1	string	m_RenderPipeSettingsPath	32768
2	Array	Array	16385
3	int	size	1
3	char	data	1
1	float	m_FixedTimeStep	0
1	float	m_MaxDeltaTime	0
1	float	m_MaxScrubTime	0
1	unsigned int	m_MaxCapacity	0
1	unsigned int	m_CompiledVersion	0
1	unsigned int	m_RuntimeVersion	0
1	PPtr<MonoBehaviour>	m_RuntimeResources	0
2	int	m_FileID	8388609
2	SInt64	m_PathID	8388609
1	unsigned int	m_BatchEmptyLifetime	0
class	6000.0.61f1	1403656975	StreamingManager
0	StreamingManager	Base	0
